CODE;CHAPITRE;SOUS-CHAPITRE;COEFFICIENT B;DATE CREATION;LIBELLE;ENTENTE PREALABLE;REMBOURSEMENT 100%;NBR MAXI DE CODE;NÂ° REGLE SPECIFIQUE;REF INDICATION MEDICALE;ACTES RESERVES;INITIATIVE BIOLOGISTE;CONTINGENCE TECHNIQUE;R.M.O.;EXAMEN SANGUIN;DERNIERE DATE EFFET
4085;0;0;260;2017-06-26;DPN : DETERMINATION PRENATALE DU GENOTYPE RHD F TAL A PARTIR DU SANG MATERNEL;0;1;1;0;1;1;0;3;0;1;2017-07-13
9905;0;0;5;1997-02-14;COMPLEMENT A LA COTATION MINIMALE DE VALEUR B 5 (SANG);0;0;0;0;0;0;1;0;0;1;2010-01-19
4084;0;0;500;2010-10-22;DETERMINATION PRENATALE DU SEXE FOETAL SANG MATERNEL;0;1;1;0;1;1;0;3;0;1;2019-01-17
9910;0;0;10;1997-02-14;COMPLEMENT A LA COTATION MINIMALE DE VALEUR B 10 (SANG);0;0;0;0;0;0;1;0;0;1;2010-01-19
4086;0;0;260;2017-06-26;DPN:SECONDE DETERMINATION PRENAT. DU GENOTYPE RHD F TAL A PARTIR DU SANG MATERN;0;1;1;0;1;1;0;3;0;1;2017-07-13
9914;0;0;14;2017-03-17;COMPLEMENT A LA COTATION MINIMALE DE VALEUR B 14 (SANG);0;0;1;0;0;0;1;0;0;1;2017-04-01
4087;0;0;1344;2018-12-27;DPNI-TRI21:DEPISTAGE TRI21 F TALE PAR ANALYSE DE L'ADN LIBRE CIRCULANT DANS LE;0;1;1;0;1;1;0;4;0;1;2019-02-01
9915;0;0;15;1997-02-14;COMPLEMENT A LA COTATION MINIMALE DE VALEUR B 15 (SANG);0;0;0;0;0;0;1;0;0;1;2010-01-19
4088;0;0;1344;2018-12-27;DPNI-TRI21:SECOND DEPISTAGE TRI21 F TALE PAR ANALYSE DE L'ADN LIBRE CIRCULANT;0;1;1;0;1;1;0;4;0;1;2019-01-17
9916;0;0;1;2009-12-23;COMPLEMENT A LA COTATION MINIMALE DE VALEUR B 1 (SANG);0;0;0;0;0;0;1;0;0;1;2010-01-19
8000;0;0;180;2007-01-24;HEMOCHROMATOSE : RECHERCHE DE LA MUTATION C 282Y DU GENE HFE1;0;0;1;0;1;1;0;0;0;1;2017-07-13
9917;0;0;2;2009-12-23;COMPLEMENT A LA COTATION MINIMALE DE VALEUR B 2 (SANG);0;0;0;0;0;0;1;0;0;1;2010-01-19
9918;0;0;3;2009-12-23;COMPLEMENT A LA COTATION MINIMALE DE VALEUR B 3 (SANG);0;0;0;0;0;0;1;0;0;1;2010-01-19
9919;0;0;4;2009-12-23;COMPLEMENT A LA COTATION MINIMALE DE VALEUR B 4 (SANG);0;0;0;0;0;0;1;0;0;1;2010-01-19
9920;0;0;6;2009-12-23;COMPLEMENT A LA COTATION MINIMALE DE VALEUR B 6 (SANG);0;0;0;0;0;0;1;0;0;1;2010-01-19
9921;0;0;7;2009-12-23;COMPLEMENT A LA COTATION MINIMALE DE VALEUR B 7 (SANG);0;0;0;0;0;0;1;0;0;1;2010-01-19
9922;0;0;8;2009-12-23;COMPLEMENT A LA COTATION MINIMALE DE VALEUR B 8 (SANG);0;0;0;0;0;0;1;0;0;1;2010-01-19
9923;0;0;9;2009-12-23;COMPLEMENT A LA COTATION MINIMALE DE VALEUR B 9 (SANG);0;0;0;0;0;0;1;0;0;1;2010-01-19
9924;0;0;11;2009-12-23;COMPLEMENT A LA COTATION MINIMALE DE VALEUR B 11 (SANG);0;0;0;0;0;0;1;0;0;1;2010-01-19
9925;0;0;12;2009-12-23;COMPLEMENT A LA COTATION MINIMALE DE VALEUR B 12 (SANG);0;0;0;0;0;0;1;0;0;1;2010-01-19
9926;0;0;13;2009-12-23;COMPLEMENT A LA COTATION MINIMALE DE VALEUR B 13 (SANG);0;0;0;0;0;0;1;0;0;1;2010-01-19
9105;0;0;5;2002-07-04;FORFAIT DE SECURITE POUR ECHANTILLON SANGUIN;0;0;0;0;0;0;1;0;0;1;2018-04-14
9106;0;0;9;2002-07-04;FORFAIT DE SECURITE POUR ECHANTILLONS BACTERIO, MYCO ET PARASITO;0;0;1;0;0;0;1;0;0;0;2018-04-14
9005;0;0;17;2008-12-30;FORFAIT DE PRISE EN CHARGE PRE-ANALYTIQUE DU PATIENT;0;0;1;0;0;0;1;0;0;0;2019-04-01
9001;0;0;26;1996-01-01;SUPPLEMENT POUR ACTES EN URGENCE NUIT;0;0;0;0;0;0;1;0;0;0;2014-04-13
9004;0;0;26;2001-02-07;SUPPLEMENT POUR ACTES EN URGENCE (SAMEDI APRES 12H, DIMANCHE, FERIE);0;0;0;0;0;0;1;0;0;0;2014-04-13
9107;0;0;8;2002-07-04;SUPPLEMENT POUR ACTES DE BIOLOGIE EFFECTUES EN ETABLISSEMENTS DE SOINS PRIVES;0;0;1;0;0;0;1;0;0;0;2014-04-13
0004;1;0;100;1996-01-01;HISTOPATH. BIOPSIES UNIQUES OU MULTIPLES NON INDIVIDUALISEES;0;0;0;0;0;1;0;0;0;0;1998-12-01
0005;1;0;130;1996-01-01;HISTOPATH. BIOPSIES ETAGEES SUR MEME ORGANE ET INDIVIDUALISEES;0;0;0;0;0;1;0;4;0;0;1998-12-01
0006;1;0;120;1996-01-01;HISTOPATH. PIECE OPER. INTERESSANT UN ORGANE;0;0;0;0;0;1;1;0;0;0;1998-12-01
0007;1;0;120;1996-01-01;HISTOPATH. PRELEV. RESEC. OU CURETAGE ENDOSC. OU ENDOCAVIT.;0;0;0;0;0;1;0;0;0;0;1998-12-01
0008;1;0;220;1996-01-01;HISTOPATH. PIECE OPER. COMPLEXE COMPORTANT PLUSIEURS ORGANES;0;0;0;0;0;1;1;0;0;0;1998-12-01
0012;1;0;300;1996-01-01;EX. EXTEMPORANE AVEC CONTROLE HISTOPATH. ULTERIEUR;0;0;1;0;0;1;0;4;0;0;1998-12-01
0013;1;0;47;1996-01-01;FCU-DI -FROTTIS;0;0;1;0;0;0;0;0;1;0;2019-05-09
0026;1;0;47;2019-04-19;FCU-DI -TECHNIQUE MONOCOUCHE;0;0;1;0;0;0;0;0;0;0;2019-05-09
0027;1;0;47;2019-04-19;FCU-DO - FROTTIS;0;1;1;0;0;0;0;0;0;0;2019-05-09
0028;1;0;47;2019-04-19;FCU-DO - TECHNIQUE MONOCOUCHE;0;1;1;0;0;0;0;0;0;0;2019-05-09
0029;1;0;55;2019-04-19;FCU-DC - FROTTIS;0;0;1;0;0;0;0;0;0;0;2019-05-09
0030;1;0;55;2019-04-19;FCU-DC - TECHNIQUE MONOCOUCHE;0;0;1;0;0;0;0;0;0;0;2019-05-09
0014;1;0;100;1996-01-01;CYTOPATH. LIQ. EPANCHEMENT, LAVAGE ALVEOLAIRE OU VESICAL, LCR;0;0;0;0;0;1;0;0;0;0;1998-12-01
0015;1;0;120;1996-01-01;CYTOPATH. SUR PONCTION GANGLION, TUMEUR, ORGANE;0;0;0;0;0;1;0;0;0;0;1998-12-01
0016;1;0;130;1996-01-01;CYTOPATH. SUR PONCTIONS PLUSIEURS ZONES DE VOISINAGE;0;0;0;0;0;1;0;4;0;0;1998-12-01
0017;1;0;200;1996-01-01;ANAPATH. : IMMUNOHISTOCHIMIE SUR COUPES EN PARAFFINE OU RESINE;0;0;0;0;0;1;1;0;1;0;1998-12-01
0018;1;0;300;1996-01-01;ANAPATH. : IMMUNOHISTOCHIMIE SUR COUPES A CONGELATION;0;0;0;0;0;1;1;0;1;0;1998-12-01
0023;1;0;200;2009-09-23;EXAMEN IMMUNOCYTOCHIMIQUE EN COMPLEMENT D'UN ACTE ACP (0014-0015);0;0;0;0;0;1;1;3;0;0;2010-09-26
0024;1;0;100;2009-09-23;HPV : DETECTION DU GENOME (ADN) DES PAPILLOMAVIRUS HUMAINS ONCOGENES;0;0;1;0;1;0;0;0;0;0;2018-04-14
0025;1;0;500;2009-09-23;EXAMEN ANATOMOPATHOLOGIQUE PAR HYBRIDATION IN SITU;0;0;1;0;1;1;1;0;0;0;2010-09-26
0021;1;0;50;2005-07-28;MAJORATION PROVISOIRE CONVENTIONNELLE DE L'ACTE 0008 : LESIONS TUMORALES;0;0;0;0;0;1;1;0;0;0;2007-10-03
0022;1;0;100;2007-10-04;MAJORATION PROVISOIRE DE L'ACTE 0008 : LESIONS TUMORALES MALIGNES;0;0;0;0;0;1;1;0;0;0;2007-10-04
0040;2;0;850;1996-01-01;CARYOTYPE CONSTITUTIONNEL PRENATAL AVEC INCUBATION;1;1;1;0;1;1;0;7;0;1;2009-11-27
0041;2;0;1250;1996-01-01;TECHNIQUES AVEC CULTURE (LIQUIDE AMNIOTIQUE, CULTURES DE VILLOSITES CHORIALES);1;1;1;0;1;1;0;7;0;0;2019-01-17
0901;2;0;800;1996-01-01;CARYOTYPE CONSTITUTIONNEL POSTNATAL SANGUIN;0;0;1;0;0;1;0;2;0;1;2004-12-30
0902;2;0;1200;2004-11-30;CARYOTYPE CONSTITUTIONNEL POSTNATAL SUR FIBROBLASTES;0;0;1;0;0;1;0;2;0;0;2004-12-30
0906;2;0;800;2007-01-24;CARYOTYPE ONCOLOGIQUE : SANG, MOELLE OU TISSUS AVEC CELLULES HEMATOPOIETIQUES;0;0;1;0;1;1;0;2;0;1;2007-04-30
0907;2;0;1200;2007-01-24;CARYOTYPE ONCOLOGIQUE : TUMEUR SOLIDE;0;0;1;0;1;1;0;2;0;0;2007-04-30
0903;2;0;500;2004-11-25;HYBRIDATION SUR CHROMOSOMES METAPHASIQUES (UNE SONDE);0;0;1;0;1;1;1;2;0;1;2007-04-30
0904;2;0;1000;2004-12-14;HYBRIDATION SUR CHROMOSOMES METAPHASIQUES (DEUX OU PLUSIEURS SONDES);0;0;1;0;1;1;1;2;0;1;2007-04-30
0905;2;0;500;2004-11-25;HYBRIDATION SUR NOYAUX INTERPHASIQUES;0;0;1;0;1;1;1;2;0;1;2007-04-30
0059;3;1;200;2000-01-25;PREPARATION DES SPERMATOZOIDES EN VUE D'IIU (INSEMINATION INTRA-UTERINE);0;0;1;0;1;1;0;0;0;0;2002-02-28
0060;3;1;1550;2000-01-25;FECONDATION IN VITRO SANS MICROMANIPULATION (FIV);0;0;1;0;1;1;0;0;0;0;2009-02-08
0061;3;1;2500;2000-01-25;FECONDATION IN VITRO PAR MICROMANIPULATION (ICSI);0;0;1;0;1;1;0;0;0;0;2019-04-01
0062;3;1;500;2000-01-25;PREPARATION DES SPERMATOZOIDES OBTENUS PAR PONCTION OU BIOPSIE EN VUE ICSI;0;0;1;0;1;1;0;0;0;0;2002-02-28
0054;3;2;350;1996-01-01;CONGELATION D'EMBRYONS ( PAR CYCLE);0;0;1;0;1;1;0;0;0;0;2002-02-28
0063;3;2;150;2000-01-25;DECONGELATION D'EMBRYON (PAR CYCLE) + CATHETER;0;0;1;0;1;1;0;0;0;0;2002-02-28
0064;3;2;150;2000-01-25;CRYOCONSERVATION D'EMBRYON(S) (PAR CYCLE ET PAR ANNEE);0;0;1;0;1;1;0;0;0;0;2002-02-28
0065;3;2;350;2000-01-25;CONGELATION DE SPERME... (PAR EJACULAT);0;0;1;0;1;1;0;0;0;0;2002-02-28
0066;3;2;150;2000-01-25;CRYOCONSERVATION DE SPERME (PAR PATIENT, PAR ANNEE);0;0;1;0;1;1;0;0;0;0;2002-02-28
0067;3;2;350;2000-01-25;CONGELATION DE SPERMATOZOIDES PRELEVES CHIRURGICALEMENT EN VUE ICSI(PAR PATIENT);0;0;1;0;1;1;0;0;0;0;2002-02-28
0068;3;2;150;2000-01-25;CRYOCONSERVATION DE SPERMATOZOIDES PRELEVES CHIR EN VUE ICSI(PAR PATIENT, ANNEE);0;0;1;0;1;1;0;0;0;0;2002-02-28
0070;4;0;110;1996-01-01;SPERMOGRAMME ET SPERMOCYTOGRAMME;0;0;1;0;0;0;0;5;1;0;2000-02-26
0071;4;0;45;1996-01-01;TEST POST-COITAL (TPC) OU TEST DE HUHNER;0;0;1;0;0;0;0;5;1;0;1997-03-30
0072;4;0;175;1996-01-01;EXPLORATION BIOCHIMIQUE DE LA FONCTION PROSTATO-VESICULAIRE;1;0;1;0;1;0;0;5;0;0;1996-01-01
0073;4;0;85;1996-01-01;EXPLORATION DE LA FONCTION EPIDIDYMAIRE;1;0;1;0;1;0;0;5;0;0;1996-01-01
0074;4;0;130;1996-01-01;ETUDE DE L'EJACULAT FRACTIONNE;1;0;1;0;1;0;0;5;0;0;1996-01-01
0075;4;0;120;1996-01-01;TEST DE MIGRATION-SURVIE DES SPERMATOZOIDES;1;0;1;0;1;1;0;5;0;0;2000-02-26
0076;4;0;50;1996-01-01;RECHERCHE AC FIXES SUR LES SPERMATOZOIDES (HOMME);1;0;1;0;1;0;0;3;0;0;1996-01-01
0077;4;0;280;1996-01-01;RECHERCHES INDIRECTES D'AC ANTISPERMATOZOIDES (HOMME);1;0;1;0;1;0;1;5;0;1;1996-01-01
0078;4;0;120;1996-01-01;PENETRATION DU MUCUS CERVICAL : TEST CROISE;1;0;1;0;1;0;0;5;0;0;1996-01-01
0079;4;0;280;1996-01-01;RECHERCHE IMMUNISATION ANTISPERMATOZOIDES (FEMME);1;0;1;0;1;0;0;5;0;1;1996-01-01
0080;4;0;110;1996-01-01;ETUDE D'UNE EJACULATION RETROGRADE;1;0;1;0;1;0;0;5;0;0;1996-01-01
0081;4;0;50;1996-01-01;COLORATION DES SPERMATOZOIDES AU BLEU D'ANILINE;1;0;1;0;1;0;0;5;0;0;1996-01-01
1101;5;1;100;1996-01-01;MYELOGRAMME(MEDULLOGR) ADENOGRAMME OU SPLENOGRAMME;0;0;1;0;0;0;0;0;1;1;1997-03-30
1102;5;1;25;1996-01-01;ETUDE COMPLEMENTAIRE DE CYTOCHIMIE (MOELLE OU SANG);0;0;3;0;0;0;1;1;0;1;1996-01-01
1103;5;1;300;1996-01-01;PHENOTYPAGE DES CELLULES ANORMALES (MOELLE OU SANG);0;0;1;0;1;0;0;2;0;1;1996-01-01
1104;5;1;25;1996-01-01;HEMOGRAMME Y COMPRIS PLAQUETTES (NFS , NFP);0;0;1;0;0;0;0;5;1;1;2019-04-01
1105;5;1;100;1996-01-01;DIAGNOSTIC  HEMOPATHIE MALIGNE (MOELLE OU SANG);0;0;1;0;1;0;1;1;0;1;1996-01-01
1106;5;1;50;1996-01-01;SUIVI HEMOPATHIE MALIGNE CONNUE (MOELLE OU SANG);0;0;1;0;1;0;1;1;0;1;1996-01-01
1107;5;1;15;1996-01-01;PLAQUETTES (THROMBOCYTES) : ETUDE ISOLEE;0;0;1;0;0;0;1;5;0;1;2011-06-18
2108;5;1;7;1997-02-14;HEMATOCRITE (HTE);0;0;1;0;0;0;0;0;0;1;2013-04-17
1109;5;1;19;1996-01-01;RETICULOCYTES (RC) : NUMERATION;0;0;1;0;0;0;0;2;1;1;2019-04-01
1110;5;1;20;1996-01-01;CORPS DE HEINZ : RECHERCHE;0;0;1;0;0;0;0;4;0;1;1996-01-01
1111;5;1;20;1996-01-01;DREPANOCYTES : RECHERCHE;0;0;1;0;0;0;0;0;0;1;1996-01-01
1112;5;1;30;1996-01-01;RESISTANCE GLOBULAIRE OSMOTIQUE;0;0;1;0;0;0;0;0;0;1;1996-01-01
1113;5;1;60;1996-01-01;ELECTROPHORESE DE L'HEMOGLOBINE (GEL POLYACRYLAMIDE);0;0;1;0;0;0;0;2;1;1;1997-03-30
1114;5;1;60;1996-01-01;ELECTROPHORESE DE L'HEMOGLOBINE (CITRATE AGAR);0;0;1;0;0;0;0;2;1;1;1997-03-30
1115;5;1;30;1996-01-01;TEST SOLUBILITE DE L'HEMOGLOBINE (ITANO , FALCIFORMATION);0;0;1;0;0;0;0;0;0;1;1996-01-01
1116;5;1;50;1996-01-01;TEST D'AUTO-HEMOLYSE;0;0;1;0;0;0;0;4;0;1;1996-01-01
1117;5;1;20;1996-01-01;TEST A L'ISOPROPANOL (HEMOGLOBINE INSTABLE);0;0;1;0;0;0;0;0;0;1;1996-01-01
1118;5;1;20;1996-01-01;HEMOGLOBINE F : DOSAGE;0;0;1;0;0;0;0;0;0;1;1996-01-01
1119;5;1;80;1996-01-01;RECH. HEMOGLOBINURIE NOCTURNE PAROXYSTIQUE;0;0;1;0;0;0;0;4;0;1;1996-01-01
1120;5;1;120;1996-01-01;RECH. ANOMALIE DE L'HEMOGLOBINE (3 TECHNIQUES MIN.);0;0;1;0;0;0;0;5;0;1;1996-01-01
1124;5;1;4;1996-01-01;VITESSE DE SEDIMENTATION (VS);0;0;1;0;0;0;0;0;0;1;2019-04-01
1122;5;1;80;1996-01-01;LYMPHOCYTES HELPERS/SUPPRESSEURS (CD4, CD8, CD3 ...);0;0;1;0;0;1;0;0;0;1;1996-01-01
1123;5;1;60;1996-01-01;PROTOPORPHYRINES ZINC (PPZ);0;0;1;0;0;0;0;0;0;1;1996-01-01
2109;5;1;70;2007-01-24;RECHERCHE QUANTIFICATION D'HEMATIES FOETALES - TEST DE KLEIHAUER;0;0;1;0;0;0;0;2;0;1;2007-04-30
1011;5;2;100;2013-06-11;ETUDE FONCTIONS PLAQUETTAIRES (METHODE AGREGATION);0;0;5;0;1;0;0;3;0;1;2013-07-11
0192;5;2;50;1996-01-01;FACTEUR WILLEBRAND (DOSAGE FONCTIONNEL);0;0;1;0;0;0;0;3;0;1;2013-07-11
1013;5;2;40;2013-06-11;FACTEUR WILLEBRAND (DOSAGE IMMUNOLOGIQUE);0;0;1;0;1;0;1;3;0;1;2013-07-11
1128;5;2;42;1996-01-01;EXPLORATION DE BASE DE L'HEMOSTASE (TP + TCA + PLAQ.);0;0;1;0;0;0;0;6;0;1;2019-04-01
0126;5;2;16;2003-06-11;TEMPS DE QUICK (TQ,TP) EN L'ABSENCE DE TRAITEMENT PAR AVK;0;0;1;0;1;0;1;2;1;1;2019-04-01
0127;5;2;20;2003-06-11;INR : TEMPS DE QUICK EN CAS DE TRAITEMENT PAR AVK;0;0;1;0;1;0;0;2;0;1;2013-07-11
1127;5;2;16;1996-01-01;TEMPS DE CEPHALINE + ACTIVATEUR (TCA);0;0;1;0;0;0;1;2;0;1;2019-04-01
0174;5;2;16;1996-01-01;FIBRINOGENE (FACTEUR I) : DOSAGE FONCTIONNEL;0;0;1;0;0;0;1;2;1;1;2019-04-01
1014;5;2;25;2013-06-11;FACTEUR II (PROTHROMBINE)- DOSAGE ACTIVITE COAGULANTE;0;0;1;0;0;0;1;2;0;1;2013-07-11
1015;5;2;25;2013-06-11;FACTEUR V (PROACCELERINE)- DOSAGE ACTIVITE COAGULANTE;0;0;1;0;0;0;1;2;0;1;2013-07-11
1016;5;2;25;2013-06-11;FACTEUR VII (PROCONVERTINE) - DOSAGE ACTIVITE COAGULANTE;0;0;1;0;0;0;1;2;0;1;2016-04-19
1017;5;2;25;2013-06-11;FACTEUR X (FACTEUR STUART) - DOSAGE ACTIVITE COAGULANTE;0;0;1;0;0;0;1;2;0;1;2016-04-19
1032;5;2;25;2013-06-11;FACTEURS VII ET X - DOSAGE ACTIVITE COAGULANTE;0;0;1;0;0;0;1;2;0;1;2013-07-11
0178;5;2;50;1996-01-01;FACTEUR VIII (ANTIHEMOPHILIQUE A): DOSAGE ACTIVITE COAGULANTE;0;0;1;0;0;0;1;2;0;1;2013-07-11
0179;5;2;50;1996-01-01;FACTEUR IX (ANTIHEMOPHILIQUE B) : DOSAGE ACTIVITE COAGULANTE;0;0;1;0;0;0;1;2;0;1;2013-07-11
0180;5;2;50;1996-01-01;FACTEUR XI : DOSAGE ACTIVITE COAGULANTE;0;0;1;0;0;0;1;2;0;1;2013-07-11
0181;5;2;40;1996-01-01;FACTEUR XII : DOSAGE ACTIVITE COAGULANTE;0;0;1;0;0;0;0;2;0;1;2013-07-11
0173;5;2;50;1996-01-01;FACTEUR XIII (FACTEUR DE STABILISATION DE LA FIBRINE): DOSAGE;0;0;1;0;0;0;0;2;0;1;2013-07-11
1018;5;2;100;2013-06-11;INHIBITEUR ANTI-FACTEUR VIII OU ANTI-FACTEUR IX (RECHERCHE);0;0;1;0;1;0;1;2;0;1;2013-07-11
1019;5;2;200;2013-06-11;INHIBITEUR ANTI-FACTEUR VIII OU ANTI-FACTEUR IX (TITRAGE);0;0;1;0;0;0;1;2;0;1;2013-07-11
0182;5;2;20;1996-01-01;ANTICOAGULANT CIRCULANT (DEPISTAGE) - CORRECTION TCA;0;0;1;0;0;0;1;3;0;1;2013-07-11
1020;5;2;200;2013-06-11;ANTICOAGULANT DE TYPE LUPIQUE (RECHERCHE ET IDENTIFICATION);0;0;1;0;1;0;0;3;0;1;2013-07-11
1021;5;2;30;2013-06-11;D DIMERES OU PDF (DETERMINATION SEMI QUANTITATIVE);0;0;1;0;1;0;0;3;0;1;2013-07-11
1022;5;2;60;2013-06-11;D DIMERES (DOSAGE);0;0;1;0;1;0;0;3;0;1;2013-07-11
0175;5;2;30;1996-01-01;TEMPS LYSE EUGLOBULINES;0;0;1;0;0;0;0;2;0;1;2013-07-11
0186;5;2;30;1996-01-01;ACTIVITE ANTI-XA (DE L'HEPARINE OU D'UN DERIVE HEPARINIQUE);0;0;1;0;0;0;0;3;0;1;2013-07-11
1024;5;2;150;2013-06-11;ANTICORPS ANTI-FACTEUR 4 PLAQUETTAIRE (PF4) - RECHERCHE;0;0;1;0;1;0;0;2;0;1;2013-07-11
0189;5;2;40;1996-01-01;ANTITHROMBINE (DOSAGE FONCTIONNEL);0;0;1;0;1;0;0;3;1;1;2013-07-11
0188;5;2;38;1996-01-01;ANTITHROMBINE (DOSAGE IMMUNOLOGIQUE);0;0;1;0;1;0;1;3;1;1;2018-04-14
0190;5;2;50;1996-01-01;PROTEINE S (DOSAGE FONCTIONNEL);0;0;1;0;1;0;0;3;0;1;2013-07-11
1025;5;2;50;2013-06-11;PROTEINE S LIBRE ANTIGENE (DOSAGE IMMUNOLOGIQUE);0;0;1;0;1;0;1;3;0;1;2013-07-11
1026;5;2;50;2013-06-11;PROTEINE S TOTALE (DOSAGE IMMUNOLOGIQUE);0;0;1;0;1;0;1;3;0;1;2013-07-11
0191;5;2;50;1996-01-01;PROTEINE C (DOSAGE FONCTIONNEL);0;0;1;0;1;0;0;3;0;1;2013-07-11
1027;5;2;50;2013-06-11;PROTEINE C (DOSAGE IMMUNOLOGIQUE);0;0;1;0;1;0;1;3;0;1;2013-07-11
1028;5;2;40;2013-06-11;FACTEUR I OU II OU V OU VII OU X : DOSAGE IMMUNOLOGIQUE;0;0;0;0;1;0;0;3;0;1;2013-07-11
1029;5;2;100;2013-06-11;MUTATION G1691A DU GENE FACTEUR V (FACTEUR V LEIDEN);0;0;1;0;1;1;0;3;0;1;2013-07-11
1030;5;2;100;2013-06-11;MUTATION G20210A DU GENE DE LA PROTHROMBINE;0;0;1;0;1;1;0;3;0;1;2013-07-11
1031;5;2;150;2013-06-11;MUTATIONS G1691A DU GENE DU FV (FV LEIDEN) + G202010A DU GENE DU FII;0;0;1;0;1;1;0;3;0;1;2013-07-11
1140;5;3;33;1996-01-01;GROUPAGE SANGUIN ABO-RH (D) (GS);0;0;2;0;1;0;1;6;1;1;2018-04-14
1145;5;3;33;1996-01-01;PHENOTYPES RH (C, C, E, E)  ET KELL (K);0;0;2;0;1;0;1;4;1;1;2018-04-14
1146;5;3;15;1996-01-01;AG ERYTHROC. (CW, KIDD, DUFFY, S, S ...) CHAQUE AG;0;0;5;0;1;0;1;0;0;1;1996-01-01
1141;5;3;37;1996-01-01;RAI : DEPISTAGE;0;0;0;0;0;0;1;6;1;1;2018-04-14
1131;5;3;65;1999-07-01;RAI : IDENTIFICATION;0;0;0;0;0;0;1;7;1;1;1999-07-12
1149;5;3;20;1996-01-01;RAI : TITRAGE D'UN ANTICORPS IDENTIFIE;0;0;0;0;0;0;1;0;1;1;2002-02-28
1150;5;3;95;1996-01-01;RAI : DOSAGE PONDERAL D'UN ANTICORPS;0;0;0;0;0;0;1;0;1;1;2014-04-13
1151;5;3;15;1996-01-01;AC IMMUNS DU SYSTEME ABO : DEPISTAGE ET TITRAGE;0;0;1;0;1;0;0;0;0;1;1996-01-01
1152;5;3;35;1996-01-01;EPREUVE DIRECTE COMPATIBILITE POUR CHAQUE UNITE SANG;0;0;0;0;0;0;0;4;0;1;1996-01-01
1153;5;3;15;1996-01-01;TEST DIRECT DE COOMBS (ANTIGLOBULINE POLYVALENTE);0;0;1;0;0;0;1;0;0;1;1996-01-01
1154;5;3;15;1996-01-01;TEST DIRECT DE COOMBS (ANTIGLOBULINE SPECIFIQUE);0;0;4;0;0;0;1;0;0;1;1996-01-01
1155;5;3;20;1996-01-01;EPREUVE D'ELUTION D'ANTICORPS A PARTIR DE GR;0;0;1;0;0;0;1;0;0;1;1996-01-01
1156;5;3;20;1996-01-01;EPREUVE D'ABSORPTION D'ANTICORPS SUR GR;0;0;0;0;0;0;1;0;0;1;1999-07-11
0160;5;3;200;1996-01-01;GROUPAGE PLAQUETTAIRE (PLA);0;0;0;0;1;0;0;6;0;1;1996-01-01
0161;5;3;200;1996-01-01;GROUPAGE GRANULOCYTAIRE (NA, NB, NC, ND, NE);0;0;0;0;1;0;0;6;0;1;1996-01-01
0162;5;3;100;1996-01-01;ANTICORPS ANTIPLAQUETTAIRES : DEPISTAGE;0;0;0;0;1;1;0;2;0;1;1996-01-01
0163;5;3;300;1996-01-01;ANTICORPS ANTIPLAQUETTAIRES : IDENTIFICATION;0;0;0;0;1;1;1;2;0;1;1996-01-01
0164;5;3;100;1996-01-01;ANTICORPS ANTIGRANULOCYTAIRES : DEPISTAGE;0;0;0;0;1;1;0;2;0;1;1996-01-01
0165;5;3;300;1996-01-01;ANTICORPS ANTIGRANULOCYTAIRES : IDENTIFICATION;0;0;0;0;1;1;1;2;0;1;1996-01-01
5201;6;1;60;1997-07-30;EX MICROBIO URINES (ECBU);0;0;1;0;0;0;0;1;1;0;2019-04-01
5202;6;1;140;1997-07-30;EX MICROBIO SECRETIONS, ULCERATIONS, EXSUDATS (ANO) GENITAUX FEMME (PV);0;0;1;0;0;0;1;1;0;0;2018-06-29
5203;6;1;120;1997-07-30;EX MICROBIO SECRETIONS, ULCERATIONS, EXSUDATS (ANO) GENITAUX HOMME (P-URETHRAL),;0;0;1;0;0;0;0;1;0;0;2018-06-29
5204;6;1;220;1997-07-30;EX MICROBIO PRODUIT ORIGINE PELVIENNE OBTENU PAR COELIOSCOPIE;0;0;1;0;0;0;0;1;0;0;2018-06-29
5205;6;1;90;1997-07-30;EX MICROBIO DU SPERME;0;0;1;0;0;0;0;1;0;0;2018-06-29
5207;6;1;180;1997-07-30;EX MICROBIO MATIERES FECALES ET/OU PRELEVEMENT RECTAL;0;0;1;0;0;0;0;7;0;0;1999-07-12
5209;6;1;100;1997-07-30;EX MICROBIO DE LA SPHERE ORO-RHINO-PHARYNGEE;0;0;1;0;0;0;0;7;0;0;1999-07-12
5210;6;1;150;1997-07-30;EX MICROBIO SECRETIONS BRONCHO-PULMONAIRES ET EXPECTORATIONS;0;0;1;0;0;0;0;7;0;0;2012-01-31
5230;6;1;200;1999-07-01;EX MICROBIO PROD ASPIRATION BRONCHIQUE, BBP ET LBA;0;0;2;0;0;0;0;7;0;0;1999-07-12
5231;6;1;200;1999-07-01;EX MICROBIO DE LIQ DE PONCTION (LCR, ARTICULATION, PERITOINE, ...);0;0;0;0;0;0;0;7;0;0;1999-07-12
5213;6;1;100;1997-07-30;EX MICROBIO P. OCULAIRE: CONJONCTIVITE BACTERIENNE;0;0;1;0;0;0;0;1;0;0;2018-06-29
5226;6;1;100;1997-07-30;EX MICROBIO P.OCULAIRE PAR OPHTALMO :LESIONS ULCEREUSES;0;0;2;0;0;0;0;7;0;0;1999-07-12
5218;6;1;150;1997-07-30;EX MICROBIO P. OCULAIRE (CORNEES, LENTILLES...) ACANTHAMOEBA;0;0;1;0;0;0;0;7;0;0;1999-07-12
5214;6;1;110;1997-07-30;EX MICROBIO PEAU, PHANERES;0;0;0;0;0;0;0;7;0;0;1999-07-12
5215;6;1;120;1997-07-30;EX MICROBIO PLAIE, ECOULEMENT PURULENT, TISSU;0;0;0;0;0;0;0;7;0;0;1999-07-12
5224;6;1;195;1997-07-30;EX MICROBIO PUS (COLLECTION FERMEE);0;0;0;0;0;0;0;7;0;0;2019-04-01
5216;6;1;150;1997-07-30;EX MICROBIO PREL DIVERS : CATHET, CHAMBR IMPLANT, PROTHESE, VALVES;0;0;0;0;0;0;0;7;0;0;1998-12-01
5222;6;1;120;1997-07-30;EX MICROBIO PREL DIVERS : MECHES (PAR SITE), REDON (PAR SITE), STERILET;0;0;0;0;0;0;0;7;0;0;1998-12-01
5223;6;1;100;1997-07-30;EX MICROBIO PLACENTA, LOOCHIES;0;0;1;0;0;0;0;7;0;0;1999-07-12
5225;6;1;150;1997-07-30;EX MICROBIO PREL PLURI-ORIFICIELS NOUVEAU-NE;0;0;1;0;0;0;0;7;0;0;2012-01-31
5229;6;1;10;1997-07-30;INFECTION NOSOCOMIALE : COTATION SUPPLEMENTAIRE;0;0;1;0;0;0;1;0;0;0;1999-07-12
5219;6;1;80;1999-07-01;EX MICROBIO HEMOCULTURE QUALITATIVE;0;0;0;0;0;0;0;7;0;1;2012-01-31
5221;6;1;120;1997-07-30;EX MICROBIO HEMOCULTURE QUANTITATIVE;0;0;0;0;0;0;0;7;0;1;2007-04-29
0214;6;1;60;1996-01-01;BACTERIE AEROBIE OU MICROAEROPHILE NOMMEMENT DESIGNEE : RECH. ISOLEE;0;0;0;0;0;0;1;7;0;0;2000-02-26
0215;6;1;80;1996-01-01;BACTERIE ANAEROBIE NOMMEMENT DESIGNEE : RECH. ISOLEE;0;0;0;0;0;0;0;7;0;0;1997-07-30
0218;6;2;15;1996-01-01;POLYNUCLEAIRES EOSINOPHILES DANS UNE SECRETION : RECH ISOLEE;0;0;0;0;0;0;0;0;0;0;1997-07-30
0219;6;2;25;1996-01-01;CULOT URINAIRE CYTOLOGIE URINES AVEC ETUDE DES CRISTAUX;0;0;1;0;0;0;0;4;0;0;2018-04-14
0220;6;2;25;1996-01-01;DEBIT URIN. HEMATIES ET LEUCOCYTES PAR MINUTE (ADDIS, H.L.M,CULOT URIN QUANT);0;0;1;0;0;0;0;4;0;0;1997-07-30
0221;6;2;25;1996-01-01;DEBIT URIN. HEMATIES ET LEUCOCYTES PAR MILLILITRE (CULOT URIN QUANT);0;0;1;0;0;0;0;4;0;0;1997-07-30
5291;6;2;60;1997-07-30;RECHERCHE D'UNE ESPECE MICROBIENNE PAR IMMUNOFLUORESCENCE;0;0;1;0;0;0;0;0;0;1;2019-05-09
5292;6;2;60;1997-07-30;IDENTIF BIOCHIMIQUE ET/OU ANTIGENIQUE D'UNE BACTERIE ANAEROBIE;0;0;0;0;0;0;1;2;0;0;1997-10-12
0236;6;3;50;1996-01-01;ISOL. ET/OU IDENTIF. D'UNE BACTERIE PAR POUVOIR PATHOGENE (ANIMAL);0;0;0;0;0;0;1;0;0;0;1997-07-30
0237;6;3;50;1996-01-01;IDENTIF. D'UNE TOXINE BACTERIENNE PAR TECHN. IMMUNOLOGIQUE;0;0;0;0;0;0;1;2;0;0;2018-06-29
0238;6;3;100;1996-01-01;IDENTIF. D'UNE TOXINE BACTERIENNE : PAR POUVOIR PATHOGENE (ANIMAL);0;0;0;0;0;0;1;2;0;0;1997-07-30
0239;6;3;200;1996-01-01;TOXINOTYPIE BOTULIQUE;0;0;0;0;0;1;1;0;0;0;1996-01-01
5249;6;3;40;1997-07-30;SEROTYPAGE D'UNE ESPECE BACTERIENNE;0;0;0;0;0;0;1;0;0;0;1997-10-12
5233;6;3;20;2002-01-16;HELICOBACTER PYLORI : RECUEIL DES DEUX ECHANTILLONS D'AIR EXPIRE;0;0;1;0;1;0;0;0;0;0;2002-03-01
5234;6;3;45;2002-01-16;HELICOBACTER PYLORI : ANALYSE DES DEUX ECHANTILLONS D'AIR EXPIRE;0;0;1;0;1;0;0;5;0;0;2011-02-11
5235;6;3;90;2000-01-25;LEGIONELLA PNEUMOPHILA:RECH. ANTIGENE SOLUBLE UR PAR EIA;0;0;1;0;0;0;0;0;0;0;2010-01-19
0240;6;3;30;1996-01-01;MYCOBACTERIES : EXAMEN MICROSCOPIQUE;0;0;0;0;0;0;1;2;0;0;2018-06-29
0241;6;3;40;1996-01-01;MYCOBACTERIES : CULT. D'ISOL SUR MILIEU SOLIDE (SAUF A PARTIR PRODUIT SOLIDE);0;0;0;0;0;0;1;2;0;0;1997-07-30
0242;6;3;60;1996-01-01;MYCOBACTERIES : CULT. D'ISOL SUR MILIEU SOLIDE A PARTIR D'UN PRODUIT SOLIDE;0;0;0;0;0;0;1;2;0;0;1997-07-30
1241;6;3;60;1996-01-01;MYCOBACTERIES : ISOLEMENT RAPIDE A PARTIR CRACHATS,TUBAGES,UR,LIQ..;0;0;0;0;0;0;1;2;0;0;1997-08-13
1242;6;3;80;1996-01-01;MYCOBACTERIES : ISOLEMENT RAPIDE A PARTIR ORGANE, SANG;0;0;0;0;0;0;1;2;0;0;1997-10-12
0243;6;3;40;1996-01-01;MYCOBACTERIES : IDENTIFICATION BIOCHIMIQUE DE MYCOBACTERIUM TUBERCULOSIS;0;0;0;0;0;0;1;2;0;0;1997-08-11
0244;6;3;100;1996-01-01;MYCOBACTERIES : IDENTIF. BIOCH AUTRE QUE MYCOBACTERIUM TUBERCULOSIS;0;0;0;0;0;0;1;2;0;0;1997-07-30
5284;6;3;150;1997-07-30;SPIROCHETES ISOLEMENT BORRELIA PAR CULTURE;0;0;0;0;0;0;0;2;0;0;1997-10-12
0250;6;3;100;1996-01-01;RICKETTSIALES : EX. DIRECT ET ISOLEMENT;0;0;1;0;0;1;0;0;0;0;1996-01-01
5253;6;3;40;1997-07-30;MYCOPLASMES : CULTURES SUR MILIEUX SPECIAUX,NUMERATION,CARACTERISATION;0;0;1;0;0;0;0;4;0;0;2018-06-29
0252;6;4;50;1996-01-01;EX. MICROBIO. : ISOL ET/OU IDENT LEVURE AUTRE QUE C ALBICANS OU ESPECE FILAM;0;0;0;0;0;0;1;2;0;0;1997-07-30
0253;6;4;70;1996-01-01;EX. MYCO ISOLE : IDENTIF DE GENRE LEVURES ET CHAMPIGNONS FILAMENTEUX;0;0;0;0;0;0;0;4;0;0;1997-07-30
0280;6;4;50;1996-01-01;EX. MYCO ISOLE : IDENTIF.D'ESPECE D'UN CHAMPIGNON AUTRE QUE C. ALBICANS;0;0;0;0;0;0;0;4;0;0;1997-07-30
0254;6;4;15;1996-01-01;MALASSEZIA FURFUR (PITYRIASIS VERSICOLOR);0;0;0;0;0;0;0;0;0;0;1997-07-30
0255;6;4;100;1996-01-01;EX MYCO ISOLE CHAMPIGNON EXOTIQUE EX DIRECT ET CULTURE;0;0;0;0;0;0;0;2;0;0;1997-07-30
0256;6;4;75;1996-01-01;EX MYCO ISOLE CHAMPIGNON EXOTIQUE SUR COUPE D'ORGANE;0;0;0;0;0;0;0;2;0;0;1997-07-30
0257;6;5;500;1996-01-01;EX MYCO ISOLE CHAMPIGNON EXOTIQUE : INOCUL A ANIMAL ET RETROCULTURE;0;0;0;0;0;0;0;2;0;0;1997-07-30
0286;6;5;95;1996-01-01;EX. PARASITO. DES SELLES AVEC 2 METHODES DE CONCENTRATION;0;0;1;0;0;0;0;1;0;0;2019-05-09
0263;6;5;10;1996-01-01;OEUFS D'HELMINTHES: MARGE DE  L'ANUS;0;0;1;0;0;0;0;1;0;0;2019-05-09
0267;6;5;10;1996-01-01;PARASITES : RECH. ET/OU IDENTIF. PAR EX. MACRO. ET/OU MICRO.(DEMODEX);0;0;0;0;0;0;0;2;0;0;1997-07-30
0268;6;5;30;1996-01-01;PARASITES : EX. DIRECT ET/OU ENRICHISSEMENT SAUF DANS SANG ET SELLES;0;0;0;0;0;0;0;2;0;0;1997-07-30
1125;6;5;100;1996-01-01;HEMATOZOAIRES : RECHERCHE SUR FROTTIS ET EN GOUTTE EPAISSE;0;0;0;0;0;0;0;2;0;1;2019-05-09
1126;6;5;100;1996-01-01;PARASITES DU SANG AUTRES QUE HEMATOZOAIRES : RECHERCHE;0;0;1;0;0;0;0;0;0;1;2019-05-09
0269;6;5;40;1996-01-01;ANTIBIOGRAMME BACTERIE AEROBIE (SAUF MYCOPLASME) (ATB);0;0;0;0;0;0;1;0;0;0;1996-01-01
0270;6;6;60;1996-01-01;ANTIBIOGRAMME BACTERIE ANAEROBIE (SAUF MYCOPLASME) (ATB);0;0;0;0;0;0;1;0;0;0;1996-01-01
0271;6;6;40;1996-01-01;ANTIBIOGRAMME CHAMPIGNON (FONGIGRAMME) (ATB , FG);0;0;0;0;0;0;1;4;0;0;1997-10-12
5278;6;6;50;1997-07-30;CMI BACTERIE AEROBIE;0;0;0;0;0;0;1;2;0;0;1997-10-12
5279;6;6;70;1997-07-30;CMI BACTERIE ANAEROBIE;0;0;0;0;0;0;1;2;0;0;1997-10-12
5280;6;6;50;1997-07-30;CMI LEVURES;0;0;0;0;0;0;1;2;0;0;1997-10-12
5290;6;6;50;1997-07-30;CMI STREPTOCOCCUS PNEUMONIAE;0;0;0;0;0;0;1;2;0;0;1997-10-12
0281;6;6;80;1996-01-01;CMI CHAMPIGNON FILAMENTEUX DE POUSSE LENTE;0;0;0;0;0;0;1;2;0;0;1997-07-30
0274;6;6;60;1996-01-01;MYCOBACTERIE : SENSIBILITE VIS A VIS D'UN ANTIBIO PAR ANTIBIO;0;0;5;0;0;0;1;0;0;0;1997-07-30
5293;6;6;70;1997-07-30;DOSAGE MICROBIO D'UN ANTIBIOTIQUE CHEZ LE MALADE;0;0;0;0;0;0;0;0;0;0;1997-10-12
5294;6;6;70;1997-07-30;ACTIVITE ANTIBIOTIQUE GLOBALE D'UN LIQUIDE BIOLOGIQUE;0;0;0;0;0;0;0;0;0;0;1997-10-12
0277;6;6;40;1996-01-01;POUVOIR BACTERICIDE DES ANTIBIOTIQUES ET ASSOC PAR ANTIBIOTIQUE;0;0;0;0;0;0;1;0;0;0;1997-07-30
1200;7;2;40;2000-08-01;IGE TOTALES SERIQUES;0;0;1;0;1;0;0;3;0;1;2011-02-11
1201;7;2;50;2000-08-01;IGE SPEC. DEPISTAGE : RECH. PNEUMALLERGENES MELANGES;0;0;1;0;1;0;0;3;0;1;2018-04-14
1202;7;2;50;2000-08-01;IGE SPEC. DEPISTAGE : RECH. TROPHALLERGENES MELANGES;0;0;3;0;1;0;0;3;0;1;2018-04-14
1203;7;2;75;2000-08-01;IGE SPEC. : IDENTIF. ALLERGENES MULTIPLES SEPARES;0;0;1;0;1;0;0;3;0;1;2019-04-01
1204;7;2;50;2000-08-01;IGE SPEC. : IDENTIF. ALLERGENE UNIQUE (PNEUMALLERGENES);0;0;5;0;1;0;0;3;0;1;2018-04-14
1205;7;2;50;2000-08-01;IGE SPEC. : IDENTIF. ALLERGENE UNIQUE (TROPHALLERGENES);0;0;5;0;1;0;0;3;0;1;2018-04-14
0966;7;2;50;2003-11-25;IGE SPEC. : IDENTIF. ALLERGENE UNIQUE (LATEX);0;0;1;0;1;0;0;3;0;1;2018-04-14
0967;7;2;50;2003-11-25;IGE SPEC. : IDENTIF. ALLERGENE UNIQUE (VENINS D'HYMENOPTERES);0;0;5;0;1;0;0;3;0;1;2018-04-14
0968;7;2;50;2003-11-25;IGE SPEC. : IDENTIF. ALLERGENE UNIQUE (MEDICAMENTS);0;0;5;0;1;0;0;3;0;1;2018-04-14
0969;7;2;80;2003-11-25;TRYPTASE (SANG);0;0;1;0;1;0;0;3;0;1;2010-01-19
0823;7;2;100;1997-07-30;ECP (EOSINO CATIONIQUE PROTEINE);0;0;1;0;1;0;0;3;0;1;2004-01-28
1451;7;3;33;1996-01-01;MAI NSO:F. RHUMATOIDES GROUPE 1 : IG ANIMALES (WAALER-ROSE..);0;0;1;0;1;0;0;7;0;1;2019-04-01
1452;7;3;33;1996-01-01;MAI NSO : F. RHUMATOIDES GROUPE 2 : IG HUMAINES (LATEX, ...);0;0;1;0;1;0;0;7;0;1;2019-04-01
1453;7;3;40;1996-01-01;MAI NSO : AUTOAC ANTINUCLEAIRES (AAN) PAR IF SUR CELLULES HEP 2;0;0;1;0;1;0;0;7;0;1;1996-01-01
1454;7;3;40;1996-01-01;MAI NSO : AC ANTI-ADN NATIF PAR IFI SUR SANG;0;0;1;0;1;0;1;7;0;1;1997-03-27
1554;7;3;40;1997-02-14;MAI NSO : AC ANTI-ADN NATIF PAR IFI SUR AUTRE LIQ BIOL QUE SANG;0;0;1;0;1;0;0;7;0;0;1997-03-27
1455;7;3;70;1996-01-01;MAI NSO : AC ANTI-ADN NATIF PAR METH. MARQUEUR SUR SANG;0;0;1;0;1;0;1;7;0;1;1997-03-27
1555;7;3;70;1997-02-14;MAI NSO : AC ANTI-ADN NATIF PAR METH. MARQUEUR SUR AUTRE LIQ BIOL QUE SANG;0;0;1;0;1;0;0;7;0;0;1997-03-27
1456;7;3;40;1996-01-01;MAI NSO :  AC ANTIANTIGENES NUCLEAIRES SOLUBLES : DEPISTAGE;0;0;2;0;1;0;1;3;0;1;1996-01-01
1457;7;3;70;1996-01-01;MAI NSO :  AC ANTIANTIGENES NUCLEAIRES SOLUBLES : TITRAGE;0;0;2;0;0;0;1;3;0;1;1996-01-01
1458;7;3;70;1996-01-01;MAI NSO : AC ANTI-ADN DENATURE : TITRAGE;0;0;1;0;1;0;1;3;0;1;1996-01-01
1459;7;3;70;1996-01-01;MAI NSO : AC ANTIHISTONES : TITRAGE;0;0;1;0;1;0;1;3;0;1;1996-01-01
1460;7;3;68;1996-01-01;MAI NSO : AUTOAC ANTIPHOSPHOLIPIDES (ANTICARDIOLIPINE, ...) : TITRAGE;0;0;3;0;1;0;1;3;0;1;2019-04-01
1461;7;3;40;1996-01-01;MAI NSO : AUTOAC ANTIMITOCHONDRIES DE TYPE 5 PAR IFI : TITRAGE;0;0;1;0;1;0;1;3;0;1;1996-01-01
1462;7;3;40;1996-01-01;MAI NSO : AUTOAC ANTICYTOPLASME DE PNN (ANCA) PAR IFI : TITRAGE;0;0;1;0;1;0;0;3;0;1;1996-01-01
1463;7;3;70;1996-01-01;MAI NSO : AUTOAC ANTICYTOPLASME DE PNN (ANCA) :T.MARQUEUR: SPECIFICITE;0;0;1;0;1;0;1;3;0;1;1996-01-01
1827;7;3;57;2008-11-05;MAI NSO : AC ANTIPEPTIDES CYCLIQUES CITRULLINES (AC ANTI-CCP);0;0;1;0;1;0;0;3;0;1;2019-04-01
1180;7;3;380;1996-01-01;GROUPAGES TISSULAIRES : PHENOTYPE HLA CLASSE I;0;0;1;0;1;1;0;3;0;1;2009-02-08
1181;7;3;700;1996-01-01;GROUPAGES TISSULAIRES : PHENOTYPE HLA CLASSE II;0;0;1;0;1;1;0;3;0;1;1996-01-01
1183;7;3;70;1997-07-30;IMMUNCOMPLEXES CIRCULANTS (ICC, CIC) (SANG);0;0;1;0;0;0;0;3;0;1;1997-10-12
1465;7;3;80;1996-01-01;HEPATOPATHIES : AUTOAC ANTITISSUS ET ANTINUCLEAIRES;0;0;1;0;1;0;0;3;0;1;1996-01-01
1466;7;3;40;1996-01-01;HEPATOPATHIES : AC ANTIMUSCLE LISSE : TITRAGE;0;0;1;0;1;0;0;3;0;1;1996-01-01
1467;7;3;40;1996-01-01;HEPATOPATHIES : AC ANTIMUSCLE LISSE : TYPAGE;0;0;1;0;1;0;1;7;0;1;1996-01-01
1468;7;3;70;1996-01-01;HEPATOPATHIES : AC ANTIACTINE : TITRAGE PAR T. MARQUEUR;0;0;1;0;1;0;1;3;0;1;1996-01-01
1469;7;3;40;1996-01-01;HEPATOPATHIES : AC ANTIMITOCHONDRIES : TITRAGE PAR IFI;0;0;1;0;1;0;0;3;0;1;1996-01-01
1470;7;3;70;1996-01-01;HEPATOPATHIES : AC ANTIMITOCHONDRIES : TITRAGE PAR T. MARQUEUR;0;0;1;0;1;0;0;3;0;1;1996-01-01
1471;7;3;180;1996-01-01;HEPATOPATHIES : AC ANTIMITOCHONDRIES : TYPAGE PAR IMMUNOBLOT;0;0;1;0;1;0;1;3;0;1;1996-01-01
1472;7;3;40;1996-01-01;HEPATOPATHIES : AC ANTIRETICULUM ENDOPLASMIQUE (LKM, ANTICYTOSOL);0;0;1;0;1;0;1;3;0;1;1996-01-01
1473;7;3;70;1996-01-01;HEPATOPATHIES : AUTOAC ANTIMEMBRANE NUCLEAIRE : IDENT. CIBLES;0;0;2;0;1;0;1;3;0;1;1996-01-01
1828;7;3;58;2008-11-05;M. COELIAQUE : AUTOANTICORPS ANTITRANSGLUTAMINASE (IGA);0;0;1;0;1;0;0;3;0;1;2019-04-01
1829;7;3;60;2008-11-05;M. COELIAQUE : AUTOANTICORPS ANTITRANSGLUTAMINASE (IGG);0;0;1;0;1;0;0;3;0;1;2008-12-25
1830;7;3;40;2008-11-05;M. COELIAQUE : AUTOANTICORPS ANTIENDOMYSIUM (IGA);0;0;1;0;1;0;0;3;0;1;2008-12-25
1831;7;3;40;2008-11-05;M. COELIAQUE : AUTOANTICORPS ANTIENDOMYSIUM (IGG);0;0;1;0;1;0;0;3;0;1;2008-12-25
1478;7;3;100;1996-01-01;THROMBOPENIES : TEST DIRECT  MISE EN EVIDENCE IG ASSOC. AUX PLAQ. (DIXON, ...);0;0;1;0;1;0;0;7;0;1;1996-01-01
1479;7;3;100;1996-01-01;THROMBOPENIES : AUTOAC ANTIPLAQ.  : IDENT. CIBLE IMMUNOCAPTURE MAIPA;0;0;3;0;1;0;1;3;0;1;1996-01-01
1480;7;3;180;1996-01-01;THROMBOPENIES : AUTOAC ANTIPLAQ.  : IDENT. CIBLE IMMUNOBLOT;0;0;1;0;1;0;1;3;0;1;1996-01-01
1481;7;3;40;1996-01-01;D.I.D. : AC ANTICELLULES D'ILOTS DE LANGERHANS : TITRAGE PAR IFI;0;0;1;0;1;0;0;3;0;1;2004-01-28
1800;7;3;120;2003-11-26;DID : ANTICORPS ANTI-IA2;0;0;1;0;1;0;0;3;0;1;2004-01-28
1482;7;3;150;1996-01-01;D.I.D. : AUTOANTICORPS ANTI-INSULINE;0;0;1;0;1;0;0;3;0;1;2004-01-28
7890;7;3;120;1997-07-30;DID : ANTICORPS ANTI GAD;0;0;1;0;1;0;0;3;0;1;2004-01-28
1483;7;3;40;1996-01-01;THYROIDE  : AUTOAC ANTITHYROGLOBULINE PAR HEMAGGLUTINATION;0;0;1;0;1;0;0;3;0;1;1996-01-01
1484;7;3;57;1996-01-01;THYROIDE  : AUTOAC ANTITHYROGLOBULINE PAR METH MARQUEUR;0;0;1;0;1;0;0;3;0;1;2019-04-01
1485;7;3;40;1996-01-01;THYROIDE : AUTOAC ANTIMICROSOMES THYROIDIENS PAR  HEMAGGLUTINATION;0;0;1;0;1;0;0;3;0;1;1996-01-01
1486;7;3;40;1996-01-01;THYROIDE : AUTOAC ANTIMICROSOMES THYROIDIENS PAR IFI;0;0;1;0;1;0;0;3;0;1;1996-01-01
1487;7;3;60;1996-01-01;THYROIDE : AUTOAC ANTITHYROPEROXYDASE PAR METH MARQUEUR;0;0;1;0;1;0;0;3;0;1;2018-04-14
1488;7;3;80;1996-01-01;THYROIDE : AUTOAC ANTIRECEPTEURS DE TSH;0;0;1;0;1;0;0;3;0;1;2019-04-01
1489;7;3;40;1996-01-01;SURRENALES : AUTOAC ANTISURRENALE PAR IFI;0;0;1;0;1;0;0;3;0;1;1996-01-01
1490;7;3;40;1996-01-01;TRACTUS DIGESTIF : AUTOAC ANTICELLULES PARIETALES DE L'ESTOMAC PAR IFI;0;0;1;0;1;0;0;3;0;1;1996-01-01
1491;7;3;70;1996-01-01;TRACTUS DIGESTIF : AUTOAC ANTIFACTEUR INTRINSEQUE PAR METH MARQUEUR;0;0;1;0;1;0;0;3;0;1;1996-01-01
1492;7;3;100;1996-01-01;SYSTEME NERVEUX : AUTOAC ANTIRECEPTEURS DE L'ACETYLCHOLINE;0;0;1;0;1;0;0;3;0;1;1996-01-01
1493;7;3;40;1996-01-01;MAI : AUTOAC ANTIMEMBRANE BASALE D'EPITH. MALPIGHIEN;0;0;1;0;1;0;0;3;0;1;1996-01-01
1494;7;3;40;1996-01-01;MAI : AUTOAC ANTISUBSTANCE INTERCELL. D'EPITH. MALPIGHIEN PAR IFI;0;0;1;0;1;0;0;3;0;1;1996-01-01
1495;7;3;40;1996-01-01;MAI : AUTOAC CELLULES PRODUCTRICES DE STEROIDES PAR IFI;0;0;1;0;1;0;0;3;0;1;1996-01-01
1496;7;3;40;1996-01-01;MAI : AUTOAC ANTIMEMB. BASALE GLOMERUL. PAR IFI;0;0;1;0;1;0;0;3;0;1;1996-01-01
1497;7;3;70;1996-01-01;MAI : AUTOAC ANTIMEMB. BASALE GLOMERUL. PAR METH MARQUEUR;0;0;1;0;1;0;0;3;0;1;1996-01-01
1498;7;3;40;1996-01-01;MAI : AUTOAC SPECIF. D'AUTRES ORGANES PAR IFI;0;0;0;0;1;0;0;3;0;1;1998-12-01
1301;7;4;60;1996-01-01;BORRELIOSE (LYME) : SD DE DEPISTAGE;0;0;2;0;0;0;0;7;0;1;2009-02-07
1302;7;4;140;1996-01-01;BORRELIOSE (LYME) : SD DE CONTROLE;0;0;1;0;0;0;1;7;0;1;2019-04-01
1305;7;4;45;1996-01-01;BRUCELLOSES : SD (WRIGHT, ROSE BENGALE);0;0;1;0;0;0;0;7;0;1;2005-12-11
1308;7;4;60;1996-01-01;INF. PULMONAIRES A CHLAMYDIA PNEUMONIAE : SD;0;0;1;0;0;0;0;7;0;1;2005-12-11
3308;7;4;90;1996-01-01;INF. PULMONAIRES A CHLAMYDIA PNEUMONIAE : SD + ITERATIF;0;0;1;0;0;0;0;7;0;1;2005-12-11
1309;7;4;60;1996-01-01;INF. PULMONAIRES A CHLAMYDIA PSITTACI : SD;0;0;1;0;0;0;0;7;0;1;2005-12-11
3309;7;4;90;1996-01-01;INF. PULMONAIRES A CHLAMYDIA PSITTACI : SD + ITERATIF;0;0;1;0;0;0;0;7;0;1;2005-12-11
1310;7;4;30;1996-01-01;INF. A CAMPYLOBACTER : SD;0;0;1;0;0;0;0;7;0;1;2005-12-11
3310;7;4;45;1996-01-01;INF. A CAMPYLOBACTER : SD + ITERATIF;0;0;1;0;0;0;0;7;0;1;2005-12-11
1311;7;4;60;1996-01-01;INF. A HELICOBACTER PYLORI : SD;0;0;1;0;0;0;0;7;0;1;2005-12-11
3311;7;4;90;2005-09-20;INF. A HELICOBACTER PYLORI : SD + ITERATIF;0;0;1;0;0;0;0;7;0;1;2005-12-11
1336;7;4;60;1996-01-01;LEGIONELLOSES : SD DE DEPISTAGE;0;0;1;0;0;0;0;7;0;1;2005-12-11
1337;7;4;120;1996-01-01;LEGIONELLOSES : SD : TITRAGE AVEC 6 AG ET PLUS;0;0;1;0;1;0;0;7;0;1;2005-12-11
3337;7;4;180;2005-09-20;LEGIONELLOSES : SD : TITRAGE AVEC 6 AG ET PLUS + ITERATIF;0;0;1;0;0;0;1;7;0;1;2005-12-11
1313;7;4;30;1996-01-01;MYCOPLASMOSES RESPIRATOIRES : SD : AC TOTAUX;0;0;1;0;0;0;0;7;0;1;2005-12-11
3313;7;4;45;1996-01-01;MYCOPLASMOSES RESPIRATOIRES : SD : AC TOTAUX + ITERATIF;0;0;1;0;0;0;0;7;0;1;2005-12-11
1246;7;4;50;2005-09-20;MYCOPLASMOSES RESPIRATOIRES : SD : IGG;0;0;1;0;0;0;0;7;0;1;2010-01-19
3246;7;4;90;2005-09-20;MYCOPLASMOSES RESPIRATOIRES : SD : IGG + ITERATIF;0;0;1;0;0;0;0;7;0;1;2005-12-11
1247;7;4;50;2005-09-20;MYCOPLASMOSES RESPIRATOIRES : SD : IGM;0;0;1;0;1;0;1;7;0;1;2010-01-19
3247;7;4;90;2005-09-20;MYCOPLASMOSES RESPIRATOIRES : SD : IGM + ITERATIF;0;0;1;0;1;0;1;7;0;1;2005-12-11
1316;7;4;40;1996-01-01;FIEVRE Q (COXIELLA BURNETTI) : SD DE DEPISTAGE;0;0;1;0;0;0;0;7;0;1;2005-12-11
1248;7;4;60;2005-09-20;FIEVRE Q (COXIELLA BURNETTI) : SD : TITRAGE AG PHASE II;0;0;1;0;0;0;1;7;0;1;2005-12-11
3248;7;4;90;2005-09-20;FIEVRE Q (COXIELLA BURNETTI) : SD : TITRAGE AG PHASE II + ITERATIF;0;0;1;0;0;0;1;7;0;1;2005-12-11
1249;7;4;120;2005-09-20;FIEVRE Q CHRONIQUE (COXIELLA BURNETTI) : SD : IGG ET IGA;0;0;1;0;0;0;0;7;0;1;2005-12-11
3249;7;4;180;2005-09-20;FIEVRE Q CHRONIQUE (COXIELLA BURNETTI) : SD : IGG ET IGA + ITERATIF;0;0;1;0;0;0;0;7;0;1;2005-12-11
1317;7;4;40;1996-01-01;RICKETTSIOSES (RICKETTSIA CONORII, RICKETTSIA TYPHI) : SD DE DEPISTAGE;0;0;1;0;0;0;0;7;0;1;2005-12-11
1318;7;4;60;1996-01-01;RICKETTSIOSES (RICKETTSIA CONORII, RICKETTSIA TYPHI) : SD : TITRAGE;0;0;1;0;0;0;1;7;0;1;2005-12-11
3318;7;4;90;1996-01-01;RICKETTSIOSES (RICKETTSIA CONORII, RICKETTSIA TYPHI) : SD : TITRAGE + ITERATIF;0;0;1;0;0;0;1;7;0;1;2005-12-11
1319;7;4;40;1996-01-01;SALMONELLOSES : SD (TAB OU WIDAL ET FELIX);0;0;1;0;0;0;0;7;0;1;2005-12-11
1323;7;4;20;1996-01-01;STREPTOCOCCIES : UNE ANTI-ENZYME STREPTOCOCCIQUE;0;0;1;0;0;0;0;7;0;1;2011-02-11
1324;7;4;40;1996-01-01;STREPTOCOCCIES : ANTI-ENZYMES STREPTOCOCCIQUES (2 OU PLUSIEURS);0;0;1;0;0;0;0;7;0;1;2011-02-11
1257;7;4;20;2018-06-12;SYPHILIS : SD TEST NON TREPONEMIQUE(TNT) TITRAGE(VDRL,RPR,...);0;0;1;0;0;0;1;4;0;1;2018-06-29
1256;7;4;20;2018-06-12;SYPHILIS : SD DE DEPISTAGE_ TEST TREPONEMIQUE (TT);0;0;1;0;0;0;0;4;0;1;2018-06-29
1258;7;4;20;2018-06-12;SYPHILIS : SD TEST NON TREPONEMIQUE(TNT) _ SEROCONVERSION;0;0;1;0;0;0;1;4;0;1;2018-06-29
1259;7;4;30;2018-06-12;SYPHILIS: SUIVI THERAPEUTIQUE  TEST NON TREPONEMIQUE(TNT);0;0;1;0;1;0;0;7;0;1;2018-06-29
1250;7;4;180;2005-09-20;SYPHILIS : SD : CONFIRMATION IGG_FEMME ENCEINTE;0;0;1;0;1;0;1;7;0;1;2018-06-29
1330;7;4;30;1996-01-01;SYPHILIS : SD : RECH. DES IGM_ENFANT_SYPHILIS CONGENITALE;0;0;1;0;1;0;0;7;0;1;2018-06-29
1251;7;4;180;2005-09-20;SYPHILIS : SD : CONFIRMATION IGM_ENFANT_SYPHILIS CONGENITALE;0;0;1;0;1;0;1;7;0;1;2018-06-29
1331;7;4;40;1996-01-01;MALADIE DES GRIFFES DU CHAT (BARTONELLOSES) : SD DE DEPISTAGE;0;0;1;0;0;0;0;7;0;1;2005-12-11
1252;7;4;60;2005-09-20;MALADIE DES GRIFFES DU CHAT (BARTONELLOSES) : SD : TITRAGE;0;0;1;0;0;0;1;7;0;1;2005-12-11
3252;7;4;90;2005-09-20;MALADIE DES GRIFFES DU CHAT (BARTONELLOSES) : SD : TITRAGE + ITERATIF;0;0;1;0;0;0;1;7;0;1;2005-12-11
1332;7;4;50;1996-01-01;TETANOS : SD;0;0;1;0;0;0;0;7;0;1;2011-02-11
1333;7;4;40;1996-01-01;TULAREMIE : SD;0;0;1;0;0;0;0;7;0;1;2005-12-11
1334;7;4;30;1996-01-01;YERSINIOSES : SD (1 AG);0;0;1;0;0;0;0;7;0;1;2005-12-11
1335;7;4;90;1996-01-01;YERSINIOSES : SD (3 AG ET +);0;0;1;0;0;0;0;7;0;1;2005-12-11
4103;7;4;150;2017-06-27;IGRA: TEST DE DETECTION DE LAPRODUCTION D'INTERFERON GAMMA;0;0;1;0;1;0;0;3;0;1;2017-07-13
4104;7;4;75;2017-06-27;IGRA: SUPPLEMENT EN CAS D'ISLOMENT DE CELLULES MONONUCLEES CIRCULANTES;0;0;1;0;1;0;0;3;0;1;2017-07-13
4301;7;5;90;1996-01-01;AMIBIASE : SD DE DEPISTAGE PAR 2 TECHN.;0;0;1;0;0;0;0;7;0;1;1996-01-01
4302;7;5;90;1996-01-01;AMIBIASE : SD DE CONFIRMATION PAR COES;0;0;1;0;0;0;1;7;0;1;1996-01-01
4303;7;5;120;1996-01-01;AMIBIASE : SD DE CONFIRMATION PAR IELP;0;0;1;0;0;0;1;7;0;1;1996-01-01
6301;7;5;68;1996-01-01;AMIBIASE : SUIVI DU SD DE DEPISTAGE PAR 1 TECHN. + ITERATIF;0;0;1;0;0;0;0;7;0;1;1996-01-01
4304;7;5;90;1996-01-01;ANISAKIASE : SD DE DEPISTAGE PAR 2 TECHN.;0;0;1;0;0;0;0;7;0;1;1996-01-01
4305;7;5;120;1996-01-01;ANISAKIASE : SD DE CONFIRMATION PAR IELP;0;0;1;0;0;0;1;7;0;1;1996-01-01
4306;7;5;180;1996-01-01;ANISAKIASE : SD DE CONFIRMATION PAR IE;0;0;1;0;0;0;1;7;0;1;1996-01-01
4307;7;5;50;1996-01-01;ASPERGILLOSE : SD DE DEPISTAGE;0;0;2;0;0;0;0;7;0;1;1996-01-01
4308;7;5;90;1996-01-01;ASPERGILLOSE : SD DE CONFIRMATION PAR COES;0;0;2;0;0;0;1;7;0;1;1996-01-01
4309;7;5;120;1996-01-01;ASPERGILLOSE : SD DE CONFIRMATION PAR IELP;0;0;2;0;0;0;1;7;0;1;1996-01-01
4310;7;5;180;1996-01-01;ASPERGILLOSE : SD DE CONFIRMATION PAR IE;0;0;2;0;0;0;1;7;0;1;1996-01-01
4311;7;5;50;1996-01-01;ASPERGILLOSE : RECHERCHE ANTIGENES SOLUBLES;0;0;1;0;0;0;0;7;0;1;1996-01-01
6307;7;5;75;1996-01-01;ASPERGILLOSE : SUIVI DU SD DE DEPISTAGE + ITERATIF;0;0;2;0;0;0;0;7;0;1;1996-01-01
4312;7;5;50;1996-01-01;CANDIDOSE : SD DE DEPISTAGE PAR 1 TECHN.;0;0;1;0;0;0;0;7;0;1;1996-01-01
4313;7;5;90;1996-01-01;CANDIDOSE SYSTEMIQUE :SD DE DEPISTAGE PAR 2 TECHNIQUES;0;0;1;0;0;0;0;7;0;1;1996-01-01
4314;7;5;90;1996-01-01;CANDIDOSE : SD DE CONFIRMATION PAR COES;0;0;2;0;0;0;1;7;0;1;1996-01-01
4315;7;5;120;1996-01-01;CANDIDOSE : SD DE CONFIRMATION PAR IELP;0;0;2;0;0;0;1;7;0;1;1996-01-01
4316;7;5;180;1996-01-01;CANDIDOSE : SD DE CONFIRMATION PAR IE;0;0;2;0;0;0;1;7;0;1;1996-01-01
4317;7;5;30;1996-01-01;CANDIDOSE : RECHERCHE ANTIGENES SOLUBLES;0;0;1;0;0;0;0;7;0;1;1996-01-01
6312;7;5;75;1996-01-01;CANDIDOSE : SUIVI DU SD DE DEPISTAGE PAR 1 TECHN. + ITERATIF;0;0;1;0;0;0;0;7;0;1;1996-01-01
4318;7;5;50;1996-01-01;CRYPTOCOCCOSE : ANTIGENES SOLUBLES : RECHERCHE;0;0;1;0;0;0;0;7;0;1;1996-01-01
4319;7;5;75;1996-01-01;CRYPTOCOCCOSE : ANTIGENES SOLUBLES : TITRAGE;0;0;1;0;0;0;1;7;0;1;1996-01-01
6319;7;5;113;1996-01-01;CRYPTOCOCCOSE : SUIVI DU TITRAGE ANTIGENES SOLUBLES + ITERATIF;0;0;1;0;0;0;0;0;0;1;1996-01-01
4336;7;5;50;1996-01-01;HISTOPLASMOSE : SD DE DEPISTAGE;0;0;1;0;0;0;0;7;0;1;1996-01-01
4337;7;5;120;1996-01-01;HISTOPLASMOSE : SD DE CONFIRMATION PAR IELP;0;0;1;0;0;0;1;7;0;1;1996-01-01
4338;7;5;90;1996-01-01;HYPODERMOSE : SD DE DEPISTAGE PAR 2 TECHN.;0;0;1;0;0;0;0;7;0;1;1996-01-01
4339;7;5;120;1996-01-01;HYPODERMOSE : SD DE CONFIRMATION PAR IELP;0;0;1;0;0;0;1;7;0;1;1996-01-01
4347;7;5;40;1996-01-01;MAL. POUMON ELEVEUR D'OISEAUX : SD DE DEPISTAGE;0;0;2;0;0;0;0;7;0;1;1996-01-01
4348;7;5;120;1996-01-01;MAL. POUMON ELEVEUR D'OISEAUX : SD DE CONFIRMATION PAR IELP;0;0;2;0;0;0;1;7;0;1;1998-12-01
6347;7;5;60;1996-01-01;MAL. POUMON ELEVEUR D'OISEAUX : SUIVI DU SD DE DEPISTAGE + ITERATIF;0;0;2;0;0;0;0;7;0;1;1996-01-01
4349;7;5;40;1996-01-01;MAL. POUMON FERMIER : SD DE DEPISTAGE;0;0;2;0;0;0;0;7;0;1;1996-01-01
4350;7;5;120;1996-01-01;MAL POUMON FERMIER : SD DE CONFIRMATION PAR IELP;0;0;2;0;0;0;1;7;0;1;1998-12-01
6349;7;5;60;1996-01-01;MAL. POUMON FERMIER : SUIVI DU SD DE DEPISTAGE + ITERATIF;0;0;2;0;0;0;0;7;0;1;1996-01-01
4351;7;5;40;1996-01-01;ALVEOLITES ALLERGIQUES EXOGENES : SD DE DEPISTAGE;0;0;2;0;0;0;0;7;0;1;1996-01-01
4352;7;5;120;1996-01-01;ALVEOLITES ALLERGIQUES EXOGENES : SD DE CONFIRMATION PAR IELP;0;0;2;0;0;0;1;7;0;1;1998-12-01
6351;7;5;60;1996-01-01;ALVEOLITES ALLERGIQUES EXOGENES : SUIVI DU SD DE DEPISTAGE + ITERATIF;0;0;2;0;0;0;0;7;0;1;1996-01-01
4353;7;5;50;1996-01-01;PALUDISME : SD PAR ELS;0;0;1;0;1;0;0;7;0;1;1996-01-01
4354;7;5;40;1996-01-01;PALUDISME : SD PAR IFI;0;0;1;0;1;0;0;7;0;1;1996-01-01
4360;7;5;40;1996-01-01;TRYPANOSOMIASE : MAL. SOMMEIL : SD DE DEPISTAGE;0;0;1;0;0;0;0;7;0;1;1996-01-01
6360;7;5;60;1996-01-01;TRYPANOSOMIASE : MAL. SOMMEIL : SUIVI DU SD DE DEPISTAGE + ITERATIF;0;0;1;0;0;0;0;7;0;1;1996-01-01
4361;7;5;40;1996-01-01;TRYPANOSOMIASE : MAL. CHAGAS : SD DE DEPISTAGE;0;0;1;0;0;0;0;7;0;1;1996-01-01
6361;7;5;60;1996-01-01;TRYPANOSOMIASE : MAL. CHAGAS : SUIVI DU SD DE DEPISTAGE + ITERATIF;0;0;1;0;0;0;0;7;0;1;1996-01-01
4362;7;5;40;1996-01-01;INFECTION PARASITAIRE NON NOMMEMENT INSCRITE A LA NABM : SERODIAGNOSTIC (SD);0;0;0;0;0;0;0;7;0;1;1996-01-01
1701;7;6;30;1996-01-01;INFECTION A ADENOVIRUS : SD PAR RFC;0;0;1;0;0;0;0;7;0;1;1996-01-01
1702;7;6;40;1996-01-01;INFECTION A ADENOVIRUS : SD PAR IFI;0;0;1;0;0;0;0;7;0;1;1996-01-01
1703;7;6;40;1996-01-01;INFECTION A ADENOVIRUS : SD PAR IHA;0;0;1;0;0;0;0;7;0;1;1996-01-01
1704;7;6;70;1996-01-01;INFECTION A ADENOVIRUS : SD PAR EIA;0;0;1;0;0;0;0;7;0;1;1996-01-01
1705;7;6;50;1996-01-01;INFECTION A ADENOVIRUS : SD PAR SERONEUTRALISATION;0;0;1;0;0;0;0;7;0;1;1997-08-12
1709;7;6;50;1997-07-30;FIEVRE JAUNE(CONTROLE D'IMMUNITE)PAR SERONEUTRALISATION;0;0;1;0;1;0;0;7;0;1;2014-09-04
3253;7;6;135;2014-08-25;ARBOVIROSES (AUTRES QUE DENGUE OU CHIKUNGUNYA)-IGM ET IGG (EIA)+EXAMEN ITERATIF;0;0;2;0;1;0;0;7;0;1;2014-09-04
1253;7;6;90;2014-08-25;ARBOVIROSES (AUTRES QUE DENGUE OU CHIKUNGUNYA) - IGM ET IGG (EIA);0;0;2;0;1;0;0;7;0;1;2017-08-09
1710;7;6;40;1996-01-01;INFECTION A ARENAVIRUS : SD PAR IFI;0;0;1;0;0;0;0;7;0;1;1997-08-12
1711;7;6;70;1996-01-01;INFECTION A ARENAVIRUS : SD PAR EIA;0;0;1;0;0;0;0;7;0;1;1997-08-12
1712;7;6;50;1996-01-01;INFECTION A ARENAVIRUS : SD PAR SERONEUTRALISATION;0;0;1;0;0;0;0;7;0;1;1997-08-12
3786;7;6;20;1997-07-30;INFECTION A EBV : MONONUCLEOSE INFECTIEUSE (MNI) : AC HETEROPHILES : RECHERCHE;0;0;1;0;0;0;0;7;0;1;1997-10-12
1715;7;6;70;1996-01-01;INFECTION A EBV ANCIENNE : SD : AC VCA IGG ET AC EBNA PAR IFI;0;0;1;0;1;0;0;7;0;1;1996-01-01
1716;7;6;100;1996-01-01;INFECTION A EBV ANCIENNE : SD : AC VCA IGG ET AC EBNA PAR EIA;0;0;1;0;1;0;0;7;0;1;2011-02-11
1717;7;6;40;1996-01-01;INFECTION A EBV RECENTE OU EVOLUTIVE : SD : AC VCA IGM OU AC EA IGM PAR IFI;0;0;1;0;1;0;0;7;0;1;1997-08-05
1718;7;6;55;1996-01-01;INFECTION A EBV RECENTE OU EVOLUTIVE : SD : AC VCA IGM OU AC EA PAR EIA;0;0;1;0;1;0;0;7;0;1;2011-02-11
1719;7;6;40;1996-01-01;INFECTION A EBV  : SD : AC EA IGA OU AC VCA IGA;0;0;1;0;1;0;0;7;0;1;1996-01-01
1752;7;6;60;1996-01-01;HERPES 6 (VHH6): SD : AC IGG;0;0;1;0;0;0;0;7;0;1;2019-02-01
1729;7;6;30;1996-01-01;GRIPPE A : SD PAR RFC;0;0;1;0;0;0;0;7;0;1;1996-01-01
3729;7;6;45;1996-01-01;GRIPPE A : SD PAR RFC + ITERATIF;0;0;1;0;0;0;0;7;0;1;1996-01-01
1730;7;6;60;1996-01-01;GRIPPE A : SD PAR EIA;0;0;1;0;0;0;0;7;0;1;2011-02-11
3730;7;6;90;1996-01-01;GRIPPE A : SD PAR EIA + ITERATIF;0;0;1;0;0;0;0;7;0;1;2011-02-11
1731;7;6;40;1996-01-01;GRIPPE A : SD PAR IHA;0;0;1;0;0;0;0;7;0;1;1996-01-01
3731;7;6;60;1996-01-01;GRIPPE A : SD PAR IHA + ITERATIF;0;0;1;0;0;0;0;7;0;1;1996-01-01
1732;7;6;30;1996-01-01;GRIPPE B : SD PAR RFC;0;0;1;0;0;0;0;7;0;1;1996-01-01
3732;7;6;45;1996-01-01;GRIPPE B : SD PAR RFC + ITERATIF;0;0;1;0;0;0;0;7;0;1;1996-01-01
1733;7;6;70;1996-01-01;GRIPPE B : SD PAR EIA;0;0;1;0;0;0;0;7;0;1;1996-01-01
3733;7;6;105;1996-01-01;GRIPPE B : SD PAR EIA + ITERATIF;0;0;1;0;0;0;0;7;0;1;1996-01-01
1734;7;6;40;1996-01-01;GRIPPE B : SD PAR IHA;0;0;1;0;0;0;0;7;0;1;1996-01-01
3734;7;6;60;1996-01-01;GRIPPE B : SD PAR IHA + ITERATIF;0;0;1;0;0;0;0;7;0;1;1996-01-01
1735;7;6;50;1996-01-01;GRIPPES A ET B : SD CONTROLE D'IMMUNITE PAR SERONEUTRALISATION;0;0;2;0;1;0;0;7;0;1;1997-08-05
3780;7;6;40;1997-07-30;GRIPPES A ET B : SD CONTROLE D'IMMUNITE PAR IHA;0;0;2;0;1;0;0;7;0;1;1997-10-12
1760;7;6;20;1996-01-01;PARAINFLUENZA (PARAMYXOVIRUS) : SD PAR IHA;0;0;0;0;0;0;0;7;0;1;1996-01-01
3760;7;6;30;1996-01-01;PARAINFLUENZA (PARAMYXOVIRUS) : SD PAR IHA + ITERATIF;0;0;0;0;0;0;0;7;0;1;1996-01-01
1761;7;6;30;1996-01-01;PARAINFLUENZA (PARAMYXOVIRUS) : SD PAR RFC;0;0;0;0;0;0;0;7;0;1;1996-01-01
3761;7;6;45;1996-01-01;PARAINFLUENZA (PARAMYXOVIRUS) : SD PAR RFC + ITERATIF;0;0;0;0;0;0;0;7;0;1;1996-01-01
3787;7;6;70;1997-07-30;INFECTION A VRS : SD : DEPISTAGE AC PAR EIA;0;0;1;0;0;0;0;7;0;1;1997-10-12
3781;7;6;30;1997-07-30;INFECTION A VRS : SD : DEPISTAGE AC PAR RFC (CHEZ ADULTE);0;0;1;0;1;0;0;7;0;1;1997-10-12
1756;7;6;70;1996-01-01;OREILLONS (V. OURLIEN) : INFECTION RECENTE : SD : IGG + IGM PAR IFI;0;0;1;0;1;0;0;7;0;1;1997-08-12
1757;7;6;110;1996-01-01;OREILLONS (V. OURLIEN) : INFECTION RECENTE : SD : IGG + IGM PAR EIA;0;0;1;0;1;0;0;7;0;1;2018-04-14
1758;7;6;70;1996-01-01;OREILLONS (V. OURLIEN) : IMMUNITE ANCIENNE : SD : IGG PAR EIA;0;0;1;0;1;0;0;7;0;1;1997-08-12
1759;7;6;40;1996-01-01;OREILLONS (V. OURLIEN) : IMMUNITE ANCIENNE : SD : IGG PAR IFI;0;0;1;0;1;0;0;7;0;1;1997-08-02
1762;7;6;70;1996-01-01;INF. A PARVOVIRUS B 19 RECENTE : SD : IGG + IGM PAR IFI;0;0;1;0;1;0;0;7;0;1;1996-01-01
1763;7;6;100;1996-01-01;INF. A PARVOVIRUS B 19 RECENTE : SD : IGG + IGM PAR EIA;0;0;1;0;1;0;0;7;0;1;2019-04-01
1764;7;6;70;1996-01-01;INF. A PARVOVIRUS B 19 ANCIENNE : SD : IGG OU IG TOTALES PAR EIA;0;0;1;0;1;0;0;7;0;1;1996-01-01
1765;7;6;40;1996-01-01;INF. A PARVOVIRUS B 19 ANCIENNE : SD : IGG OU IG TOTALES PAR IFI;0;0;1;0;1;0;0;7;0;1;1996-01-01
0388;7;6;45;1996-01-01;INFECTION A VIH 1 ET 2 : SD DE DEPISTAGE;0;1;1;0;0;0;1;7;0;1;2019-04-01
0389;7;6;150;1996-01-01;INFECTION A VIH 1 ET 2 : SD DE CONFIRMATION 1 REACTION;0;1;1;0;0;0;1;7;0;1;2018-04-14
0390;7;6;220;1996-01-01;INFECTION A VIH 1 ET 2 : SD DE CONFIRMATION 2 REACTIONS OU PLUS;0;1;1;0;0;0;1;7;0;1;2018-04-14
0392;7;6;55;1996-01-01;INFECTION A VIH 1 ET 2 : ANTIGENE P24 DU VIH 1 : RECHERCHE ET TITRAGE;0;1;1;0;0;0;0;7;0;1;2011-03-15
1754;7;6;65;1996-01-01;INFECTION A HTLV (I ET II) : SD DE DEPISTAGE PAR EIA;0;0;1;0;0;0;0;7;0;1;2017-04-01
4716;7;6;40;1997-07-30;INFECTION A HTLV (I ET II) : SD DE DEPISTAGE PAR AGGLUTINATION;0;0;1;0;0;0;0;7;0;1;1997-10-12
1755;7;6;180;1996-01-01;INFECTION A HTLV (I ET II) : SD DE CONFIRMATION PAR IMMUNOTRANSFERT;0;0;1;0;0;0;1;7;0;1;1997-08-12
1766;7;6;120;1996-01-01;RAGE : SD INFECTION RECENTE : IGG + IGM PAR EIA;0;0;1;0;1;0;0;7;0;1;1997-08-12
1767;7;6;70;1996-01-01;RAGE : SD CONTROLE D'IMMUNITE : IGG PAR EIA;0;0;1;0;1;0;0;7;0;1;1997-08-12
1768;7;6;120;1996-01-01;ROUGEOLE : SD INFECTION RECENTE : IGG + IGM PAR EIA;0;0;1;0;1;0;0;7;0;1;1997-08-12
1769;7;6;70;1996-01-01;ROUGEOLE : SD INFECTION RECENTE : IGG + IGM PAR IFI;0;0;1;0;1;0;0;7;0;1;1997-08-12
1770;7;6;70;1996-01-01;ROUGEOLE : SD CONTROLE D'IMMUNITE : IGG OU IG TOTALES PAR EIA;0;0;1;0;1;0;0;7;0;1;1996-01-01
1771;7;6;40;1996-01-01;ROUGEOLE : SD CONTROLE D'IMMUNITE : IGG OU IG TOTALES PAR IFI;0;0;1;0;1;0;0;7;0;1;1996-01-01
1772;7;6;40;1996-01-01;ROUGEOLE : SD CONTROLE D'IMMUNITE : IGG OU IG TOTALES PAR IHA;0;0;1;0;1;0;0;7;0;1;1996-01-01
1773;7;6;36;1996-01-01;RUBEOLE : SD PAR IHA OU EIA;0;0;1;0;0;0;0;7;1;1;2018-04-14
3773;7;6;57;1996-01-01;RUBEOLE : SD PAR IHA OU EIA + ITERATIF;0;0;1;0;0;0;0;7;1;1;2017-04-01
3783;7;6;50;1997-07-30;RUBEOLE : SD : IGM PAR IMMUNOCAPTURE;0;0;1;0;1;0;1;7;1;1;2011-02-11
4717;7;6;20;1997-07-30;RUBEOLE : SD D'UNE IMMUNITE POST-VACCINALE PAR AGGLUTINATION;0;0;1;0;1;0;0;7;0;1;1997-10-12
4201;8;0;100;1996-01-01;CNO : CULTURES CELLULAIRES DE VIRUS NON ORIENTEES;0;0;1;0;0;1;0;0;0;0;1997-10-12
4202;8;0;50;1996-01-01;CNO : IDENTIFICATION VIRALE PAR 1 A 2 SERUMS;0;0;1;0;0;1;1;7;0;0;1996-01-01
4203;8;0;100;1996-01-01;CNO : IDENTIFICATION VIRALE PAR 3 A 7 SERUMS;0;0;1;0;0;1;1;7;0;0;1996-01-01
4204;8;0;150;1996-01-01;CNO : IDENTIFICATION VIRALE PAR + DE 7 SERUMS;0;0;1;0;0;1;1;7;0;0;1996-01-01
4205;8;0;20;1996-01-01;ADENOVIRUS : RECHERCHE DIRECTE SUR SELLES PAR AGG;0;0;1;0;0;0;0;2;0;0;1997-10-12
4206;8;0;70;1996-01-01;ADENOVIRUS : RECHERCHE DIRECTE SUR SELLES PAR EIA;0;0;1;0;0;0;0;2;0;0;1997-10-12
4207;8;0;40;1996-01-01;ADENOVIRUS : RECHERCHE DIRECTE SUR LIQUIDES AUTRES QUE SELLES PAR IF;0;0;1;0;0;0;0;2;0;0;1996-01-01
4208;8;0;150;1996-01-01;ADENOVIRUS : CULTURES ORIENTEES ET IDENTIFICATION;0;0;1;0;0;1;0;6;0;0;1996-01-01
4209;8;0;200;1996-01-01;ADENOVIRUS : MISE EN EVIDENCE SUR SELLES PAR ME;0;0;1;0;0;0;0;2;0;0;1996-01-01
4212;8;0;40;1996-01-01;ARENAVIRUS : RECHERCHE DIRECTE PAR IF;0;0;1;0;0;0;0;2;0;0;1996-01-01
4213;8;0;70;1996-01-01;ARENAVIRUS : RECHERCHE DIRECTE PAR EIA;0;0;1;0;0;0;0;2;0;0;1996-01-01
4214;8;0;150;1996-01-01;ARENAVIRUS : CULTURES ORIENTEES ET IDENTIFICATION;0;0;1;0;0;1;0;6;0;0;1996-01-01
4215;8;0;250;1996-01-01;ARENAVIRUS : ISOLEMENT SUR SOURICEAUX;0;0;1;0;0;1;0;2;0;0;1996-01-01
4216;8;0;500;1996-01-01;VIRUS DES FIEVRES HEMORRAGIQUES : CULTURES;0;0;1;0;0;1;0;6;0;0;1996-01-01
4217;8;0;250;1996-01-01;ASTROVIRUS : RECHERCHE DIRECTE PAR MIE;0;0;1;0;0;0;0;2;0;0;1996-01-01
4218;8;0;70;1996-01-01;ASTROVIRUS : RECHERCHE DIRECTE PAR EIA;0;0;1;0;0;0;0;2;0;0;1996-01-01
4219;8;0;150;1996-01-01;ASTROVIRUS : CULTURES ORIENTEES ET IDENTIFICATION;0;0;1;0;0;1;0;6;0;0;1996-01-01
4220;8;0;250;1996-01-01;CALICIVIRUS : RECHERCHE DIRECTE PAR MIE;0;0;1;0;0;0;0;2;0;0;1996-01-01
4221;8;0;70;1996-01-01;CALICIVIRUS : RECHERCHE DIRECTE PAR EIA;0;0;1;0;0;0;0;2;0;0;1996-01-01
4222;8;0;40;1996-01-01;CORONAVIRUS : RECHERCHE DIRECTE PAR IF;0;0;1;0;0;0;0;2;0;0;1996-01-01
4223;8;0;200;1996-01-01;CORONAVIRUS : RECHERCHE DIRECTE PAR ME;0;0;1;0;0;0;0;2;0;0;1996-01-01
4272;8;0;150;1997-07-30;RHINOVIRUS : CULTURES ORIENTEES ET IDENTIFICATION;0;0;1;0;0;1;0;6;0;0;1997-10-12
4240;8;0;40;1996-01-01;VIRUS GRIPPAUX (A ET B) : RECHERCHE DIRECTE PAR IF;0;0;0;0;1;0;0;2;0;0;1996-01-01
4241;8;0;40;1996-01-01;VIRUS GRIPPAUX (A ET B) : RECHERCHE DIRECTE PAR EIA;0;0;0;0;1;0;0;2;0;0;2011-02-11
4242;8;0;150;1996-01-01;VIRUS GRIPPAUX (A ET B) : CULTURES ORIENTEES ET IDENTIFICATION;0;0;1;0;1;1;1;6;0;0;1996-01-01
4243;8;0;40;1996-01-01;VIRUS PARAINFLUENZAE (I, II, III, IV) : RECHERCHE DIRECTE PAR IF;0;0;1;0;0;0;0;2;0;0;1996-01-01
4244;8;0;70;1996-01-01;VIRUS PARAINFLUENZAE (I, II, III, IV) : RECHERCHE DIRECTE PAR EIA;0;0;1;0;0;0;0;2;0;0;1996-01-01
4245;8;0;150;1996-01-01;VIRUS PARAINFLUENZAE (I, II, III, IV) : CULTURES ORIENTEES ET IDENTIFICATION;0;0;1;0;0;1;1;6;0;0;1996-01-01
4246;8;0;40;1996-01-01;VIRUS RESPIRATOIRE SYNCYTIAL (VRS) : RECHERCHE DIRECTE PAR IF;0;0;1;0;0;0;0;2;0;0;1996-01-01
4247;8;0;70;1996-01-01;VIRUS RESPIRATOIRE SYNCYTIAL (VRS) : RECHERCHE DIRECTE PAR EIA;0;0;1;0;0;0;0;2;0;0;1996-01-01
4248;8;0;150;1996-01-01;VIRUS RESPIRATOIRE SYNCYTIAL (VRS) : CULTURES ORIENTEES ET IDENTIFICATION;0;0;1;0;0;1;1;6;0;0;1996-01-01
4250;8;0;40;1996-01-01;VIRUS OURLIEN (OREILLONS) : RECHERCHE DIRECTE PAR IF;0;0;1;0;0;0;0;2;0;0;1996-01-01
4251;8;0;70;1996-01-01;VIRUS OURLIEN (OREILLONS) : RECHERCHE DIRECTE PAR EIA;0;0;1;0;0;0;0;2;0;0;1996-01-01
4252;8;0;150;1996-01-01;VIRUS OURLIEN :(OREILLONS) : CULTURES ORIENTEES ET IDENTIFICATION;0;0;1;0;0;1;0;6;0;0;1996-01-01
4253;8;0;200;1996-01-01;PARVOVIRUS B 19 : RECHERCHE DANS SERUM PAR ME;0;0;1;0;1;0;0;2;0;1;1997-08-05
4254;8;0;40;1996-01-01;POLYOMAVIRUS : DIAGNOSTIC DIRECT PAR IF;0;0;1;0;0;0;0;2;0;0;1996-01-01
4255;8;0;150;1996-01-01;POLYOMAVIRUS : CULTURES ORIENTEES ET IDENTIFICATION;0;0;1;0;0;1;0;6;0;0;1996-01-01
4256;8;0;200;1996-01-01;POXVIRUS : RECHERCHE PAR ME;0;0;1;0;0;0;0;2;0;0;1996-01-01
4257;8;0;250;1996-01-01;POXVIRUS : RECHERCHE PAR MIE;0;0;1;0;0;0;0;2;0;0;1996-01-01
4258;8;0;1200;1996-01-01;VIH : CULTURES SUR LYMPHOCYTES;0;1;1;0;1;1;0;6;0;0;1998-12-01
4271;8;0;1200;1997-07-30;RETROVIRUS AUTRE QUE LE VIH : CULTURES ORIENTEES ET IDENTIFICATION;0;0;1;0;0;1;0;6;0;0;1997-10-12
4259;8;0;40;1996-01-01;VIRUS DE LA RAGE : RECHERCHE DIRECTE PAR IF;0;0;1;0;0;0;0;2;0;0;1996-01-01
4260;8;0;70;1996-01-01;VIRUS DE LA RAGE : RECHERCHE DIRECTE PAR EIA;0;0;1;0;0;0;0;2;0;0;1996-01-01
4261;8;0;150;1996-01-01;VIRUS DE LA RAGE : CULTURES ORIENTEES ET IDENTIFICATION;0;0;1;0;0;1;0;6;0;0;1996-01-01
4262;8;0;40;1996-01-01;VIRUS DE LA ROUGEOLE : RECHERCHE DIRECTE PAR IF;0;0;1;0;0;0;0;2;0;0;1996-01-01
4263;8;0;70;1996-01-01;VIRUS DE LA ROUGEOLE : RECHERCHE DIRECTE PAR EIA;0;0;1;0;0;0;0;2;0;0;1996-01-01
4264;8;0;150;1996-01-01;VIRUS DE LA ROUGEOLE : CULTURES ORIENTEES ET IDENTIFICATION;0;0;1;0;0;1;1;6;0;0;1996-01-01
4265;8;0;150;1996-01-01;VIRUS DE LA RUBEOLE : CULTURES ORIENTEES ET IDENTIFICATION;0;0;1;0;0;1;0;6;0;0;1996-01-01
4266;8;0;20;1996-01-01;ROTAVIRUS : RECHERCHE DIRECTE PAR AGG;0;0;1;0;0;0;0;2;0;0;1997-08-05
4267;8;0;70;1996-01-01;ROTAVIRUS : RECHERCHE DIRECTE PAR EIA;0;0;1;0;0;0;0;2;0;0;1997-10-05
4268;8;0;200;1996-01-01;ROTAVIRUS : RECHERCHE PAR ME;0;0;1;0;0;0;0;2;0;0;1996-01-01
7401;10;0;25;1997-07-30;HCG OU BETA HCG (URINES);0;0;1;0;1;0;0;2;1;0;2011-02-11
7402;10;0;26;1997-07-30;HCG OU BETA HCG (SANG);0;0;1;0;1;0;0;2;1;1;2019-04-01
0472;10;0;47;1996-01-01;L.H. (SANG);0;0;3;0;0;0;0;2;0;1;2019-04-01
0473;10;0;47;1996-01-01;F.S.H. (SANG);0;0;3;0;0;0;0;2;1;1;2019-04-01
0330;10;0;47;1999-07-01;ESTRADIOL (FEMME) (E2) (SANG);0;0;3;0;0;0;0;2;0;1;2019-04-01
0727;10;0;70;1996-01-01;ESTRADIOL (HOMME ET ENFANT) (E2) (SANG);0;0;3;0;0;0;0;2;0;1;2011-02-11
1801;10;0;51;2003-11-26;ESTRADIOL (E2) (AUTRE MILIEU BIOLOGIQUE);0;0;1;0;0;0;0;2;0;0;2013-04-17
0777;10;0;70;1997-07-30;INHIBINES (SANG);0;0;1;0;0;0;0;2;0;1;2019-04-01
0357;10;0;50;1996-01-01;TESTOSTERONE (HOMME) (SANG);0;0;3;0;0;0;0;2;0;1;2018-04-14
1136;10;0;68;1999-07-01;TESTOSTERONE (FEMME ET ENFANT) (SANG);0;0;3;0;0;0;0;2;0;1;2019-04-01
0701;10;0;80;1996-01-01;TESTOSTERONE LIBRE OU BIODISPONIBLE (SANG);0;0;3;0;0;0;0;2;0;1;2017-04-01
1134;10;0;80;1999-07-01;ANDROSTENEDIONE (SANG);0;0;3;0;0;0;0;2;0;1;2017-04-01
0334;10;0;47;1996-01-01;PROGESTERONE (PG) (SANG);0;0;3;0;0;0;0;2;0;1;2019-04-01
1135;10;0;70;1999-07-01;17-OH-PROGESTERONE (SANG);0;0;3;0;0;0;0;2;0;1;2018-04-14
0343;10;0;47;1996-01-01;PROLACTINE (SANG);0;0;3;0;0;0;0;2;0;1;2019-04-01
0884;10;0;200;1997-07-30;FORMES MOLECULAIRES DE PROLACTINE : SEPARATION CHROMATO (SANG);0;0;1;0;0;0;0;2;0;1;2004-01-28
7414;10;0;80;1997-07-30;DEHYDROEPIANDROSTERONE (DHA) (SANG);0;0;3;0;1;0;0;2;0;1;2016-04-20
1802;10;0;60;2003-11-26;SULFATE DE DHA (SANG);0;0;3;0;1;0;0;2;0;1;2014-04-13
7415;10;0;90;1997-07-30;DIHYDROTESTOSTERONE (DHT);0;0;3;0;0;0;0;2;0;1;2010-01-19
0358;10;0;70;1996-01-01;PROTEINE DE TRANSPORT DES HORM. SEXUELLES (TEBG, SBG) (SANG);0;0;3;0;0;0;0;2;0;1;2010-01-19
7422;10;0;70;1997-07-30;INSULINE (SANG);0;0;3;0;0;0;0;2;0;1;2004-01-28
0703;10;0;110;1996-01-01;INSULINE LIBRE (SANG);0;0;3;0;0;0;0;2;0;1;2004-01-28
1137;10;0;65;1999-07-01;C-PEPTIDE (SANG);0;0;3;0;0;0;0;2;0;1;2009-02-08
0756;10;0;70;1997-02-14;C-PEPTIDE (URINE);0;0;1;0;0;0;0;2;0;0;2004-01-28
0462;10;0;50;1996-01-01;CORTISOL (SANG);0;0;3;0;0;0;0;2;0;1;2018-04-14
0476;10;0;73;1996-01-01;CORTISOL LIBRE (URINE);0;0;1;0;0;0;0;2;0;0;2017-04-01
7420;10;0;95;1997-07-30;CORTICOTROPINE (ACTH) (SANG);0;0;3;0;0;0;0;2;0;1;2018-04-14
0455;10;0;60;1996-01-01;17-CETOSTEROIDES (URINE);0;0;1;0;0;0;0;2;0;0;2004-01-28
0714;10;0;78;1996-01-01;ALDOSTERONE (SANG);0;0;3;0;0;0;0;2;0;1;2016-04-20
0461;10;0;70;1996-01-01;17-HYDROXY-CORTICOSTEROIDES OU T.H.S. (URINE);0;0;1;0;0;0;0;2;0;0;2004-01-28
0463;10;0;120;1996-01-01;ALDOSTERONE OU TETRAHYDRO-ALDOSTERONE (URINE);0;0;1;0;0;0;0;2;0;0;2004-01-28
0466;10;0;60;1996-01-01;ACIDE HYDROXY-INDOLE-ACETIQUE (HIAA, 5 HIAA) (URINE);0;0;1;0;0;0;0;2;0;0;2004-01-28
0467;10;0;60;1996-01-01;ACIDE VANILMANDELIQUE (VMA) (URINE);0;0;1;0;0;0;0;2;0;0;2004-01-28
0468;10;0;80;1996-01-01;CATECHOLAMINES TOTALES (METANEPHRINES OU HVA) (URINE);0;0;1;0;0;0;0;2;0;0;2004-01-28
0477;10;0;130;1996-01-01;CATECHOLAMINES (OU METANEPHRINES) (URINE);0;0;2;0;0;0;0;6;0;0;2009-02-08
0478;10;0;140;1996-01-01;CATECHOLAMINES (SANG), CLHP : AU MOINS 2 DOSAGES (DOPAMINE, ADR, NORADR);0;0;1;0;0;0;0;6;0;1;2004-01-28
0364;10;0;120;1996-01-01;SEROTONINE PAR CLHP (SANG);0;0;3;0;0;0;0;2;0;1;2004-01-28
1208;10;0;24;2000-08-01;T.S.H. (SANG);0;0;3;0;1;0;0;2;1;1;2019-04-01
1206;10;0;27;2000-08-01;TRIIODOTHYRONINE LIBRE (T3 L OU FT3) (SANG);0;0;3;0;1;0;0;2;1;1;2018-04-14
1207;10;0;27;2000-08-01;THYROXINE LIBRE (T4 L OU FT4) (SANG);0;0;3;0;1;0;0;2;1;1;2018-04-14
1209;10;0;54;2000-08-01;T3 LIBRE + T4 LIBRE (SANG);0;0;1;0;1;0;0;2;1;1;2018-04-14
1210;10;0;44;2000-08-01;T.S.H. + T3 LIBRE (SANG);0;0;1;0;1;0;0;2;1;1;2019-04-01
1211;10;0;44;2000-08-01;T.S.H. + T4 LIBRE (SANG);0;0;1;0;1;0;0;2;1;1;2019-04-01
1212;10;0;59;2000-08-01;T.S.H. + T3 LIBRE + T4 LIBRE (SANG);0;0;1;0;1;0;0;2;1;1;2019-04-01
1803;10;0;150;2003-11-26;TEST AU TRH (SANG);0;0;1;0;0;0;0;2;1;1;2009-02-08
7423;10;0;90;1997-07-30;HORMONE DE CROISSANCE (SOMATOTROPINE) (HGH) (SANG);0;0;3;0;1;0;0;2;0;1;2010-01-19
0763;10;0;100;1996-01-01;ERYTHROPOIETINE (SANG);0;0;3;0;1;0;0;2;0;1;2004-01-28
0764;10;0;70;1996-01-01;GASTRINE (SANG);0;0;3;0;0;0;0;2;0;1;2010-01-19
0774;10;0;90;1996-01-01;PEPTIDE VASOACTIF INTESTINAL (VIP) (SANG);0;0;3;0;0;0;0;2;0;1;2010-01-19
0745;10;0;120;1996-01-01;HORMONE ANTIDIURETIQUE OU VASOPRESSINE (ADH) (SANG);0;0;3;0;0;0;0;2;0;1;2004-01-28
0783;10;0;100;1997-07-30;IGFBP 3 (SANG);0;0;3;0;0;0;0;2;0;1;2004-01-28
1138;10;0;85;1999-07-01;OSTEOCALCINE (SANG);0;0;3;0;0;0;0;2;0;1;2016-04-20
0983;10;0;60;1999-07-01;PARATHORMONE (1-84 OU BIOACTIVE) (SANG);0;0;1;0;1;0;0;2;0;1;2011-02-11
0776;10;0;78;1996-01-01;RENINE (SANG);0;0;3;0;0;0;0;2;0;1;2016-04-20
0780;10;0;75;1996-01-01;SOMATOMEDINE (IGF1-SMC) (SANG);0;0;3;0;0;0;0;2;0;1;2019-04-01
1510;11;0;6;1996-01-01;AMYLASEMIE (SANG);0;0;1;0;0;0;0;2;1;1;2017-04-01
1511;11;0;7;1996-01-01;AMYLASE (AUTRE LIQUIDE BIOLOGIQUE QUE SANG);0;0;2;0;0;0;0;2;0;0;2017-04-01
1513;11;0;25;1996-01-01;ALDOLASE (SANG);0;0;1;0;0;0;0;2;0;1;2017-04-01
0514;11;0;6;1996-01-01;PHOSPHATASES ALCALINES (PH. ALC.) (SANG);0;0;1;0;0;0;0;2;1;1;2017-04-01
0516;11;0;6;1996-01-01;ALANINE AMINOTRANSFERASE (ALAT,TGP) (SANG);0;0;1;0;0;0;0;2;1;1;2017-04-01
0517;11;0;6;1996-01-01;ASPARTATE AMINOTRANSFERASE (ASAT,TGO)(SANG);0;0;1;0;0;0;0;2;1;1;2017-04-01
0522;11;0;10;1996-01-01;TRANSAMINASES (ALAT ET ASAT, TGP ET TGO)(SANG);0;0;1;0;0;0;0;2;1;1;2016-04-20
1518;11;0;30;1996-01-01;GLUCOSE-6-PHOSPHATE DESHYDROGENASE (G6PD) (SANG);0;0;1;0;0;0;0;2;0;1;2011-02-11
0519;11;0;6;1996-01-01;GAMMA GLUTAMYL TRANSFERASE (GAMMAT GT , GGT) (SANG);0;0;1;0;0;0;0;2;1;1;2017-04-01
1520;11;0;6;1996-01-01;CREATINE PHOSPHOKINASE (CPK) (SANG);0;0;1;0;0;0;0;2;0;1;2017-04-01
0521;11;0;7;1996-01-01;LACTATE DESHYDROGENASE (LDH) (SANG);0;0;1;0;0;0;0;2;0;1;2017-04-01
1521;11;0;7;1996-01-01;LACTATE DESHYDROGENASE (LDH) (AUTRE LIQUIDE BIOL QUE SANG);0;0;2;0;0;0;0;2;0;0;2012-01-31
0523;11;0;55;1996-01-01;ENZYME DE CONVERSION DE L'ANGIOTENSINE (SANG);0;0;1;0;0;0;0;2;0;1;2009-02-08
0524;11;0;6;1996-01-01;LIPASEMIE (SANG);0;0;1;0;0;0;1;3;1;1;2017-04-01
1525;11;0;7;1996-01-01;5'NUCLEOTIDASE (SANG);0;0;1;0;0;0;1;3;0;1;2012-01-31
1526;11;0;20;1996-01-01;CREATINE PHOSPHOKINASE MB (SANG);0;0;1;0;0;0;0;3;0;1;2018-04-14
1527;11;0;40;1996-01-01;PYRUVATE KINASE (SANG);0;0;1;0;0;0;0;2;0;1;1996-01-01
1533;11;0;60;1996-01-01;LYSOZYME OU MURAMIDASE (SANG);0;0;1;0;0;0;0;2;0;1;1997-03-27
1519;11;0;60;1997-02-14;LYSOZYME OU MURAMIDASE (URINE);0;0;1;0;0;0;0;2;0;0;1997-03-27
2258;12;0;6;1997-02-14;PROTEINES SERIQUES OU PLASMATIQUES TOTALES (PROTIDES);0;0;1;0;0;0;0;2;0;1;2017-04-01
0570;12;0;50;1996-01-01;ELECTROPHORESE DES PROTEINES SERIQUES (PROTEINOGRAMME);0;0;1;0;0;0;0;7;1;1;2019-04-01
1804;12;0;8;2003-11-25;CRP (PROTEINE C REACTIVE) (DOSAGE) (SANG);0;0;1;0;0;0;0;2;0;1;2019-04-01
1805;12;0;25;2003-12-10;ALPHA 2 MACROGLOBULINE (ALPHA 2 MACROGLO) (DOSAGE) (SANG);0;0;1;4;0;0;0;2;0;1;2011-06-18
1806;12;0;6;2003-12-10;ALBUMINE (DOSAGE) (SANG);0;0;1;4;0;0;0;2;0;1;2017-04-01
1807;12;0;30;2003-12-10;ALPHA 1 ANTITRYPSINE (DOSAGE) (SANG);0;0;1;4;0;0;0;2;0;1;2011-02-11
1808;12;0;30;2003-12-11;OROSOMUCOIDE (ALPHA 1 GLYCOPROTEINE ACIDE) (DOSAGE) (SANG);0;0;1;4;0;0;0;2;0;1;2011-02-11
0324;12;0;30;1996-01-01;BETA 2 MICROGLOBULINE (DOSAGE) (SANG);0;0;1;4;0;0;0;2;0;1;2019-04-01
0321;12;0;35;1997-02-14;BETA 2 MICROGLOBULINE (DOSAGE) (AUTRE MILIEU BIOLOGIQUE QUE SANG);0;0;1;4;0;0;0;2;0;0;2004-01-28
1809;12;0;30;2003-12-11;CERULEOPLASMINE (DOSAGE) (SANG);0;0;1;4;0;0;0;2;0;1;2011-02-11
1810;12;0;35;2003-12-11;C1 INHIBITEUR (DOSAGE) (SANG);0;0;1;4;0;0;0;2;0;1;2004-01-28
1811;12;0;25;2003-12-11;C3 (DOSAGE) (SANG);0;0;1;4;0;0;0;2;0;1;2011-02-11
1812;12;0;25;2003-12-11;C4 (DOSAGE) (SANG);0;0;1;4;0;0;0;2;0;1;2011-02-11
1813;12;0;20;2003-12-11;HAPTOGLOBINE (DOSAGE) (SANG);0;0;1;4;0;0;0;2;0;1;2011-06-18
1814;12;0;20;2003-12-11;IGA (DOSAGE) (SANG);0;0;1;4;0;0;0;2;0;1;2018-04-14
1815;12;0;20;2003-12-11;IGG (DOSAGE) (SANG);0;0;1;4;0;0;0;2;0;1;2018-04-14
1816;12;0;20;2003-12-11;IGM (DOSAGE) (SANG);0;0;1;4;0;0;0;2;0;1;2018-04-14
1817;12;0;19;2003-12-11;PREALBUMINE (DOSAGE) (SANG);0;0;1;4;0;0;0;2;0;1;2019-04-01
1818;12;0;35;2003-12-11;RBP (RETINOL BINDING PROTEIN) (DOSAGE) (SANG);0;0;1;4;0;0;0;2;0;1;2004-01-28
1385;12;0;58;1996-01-01;IGA + IGG + IGM (DOSAGES) (SANG);0;0;1;0;0;0;1;7;1;1;2019-04-01
1571;12;0;160;1996-01-01;DYSGLOBULINEMIE : RECH, TYPAGE (IMMUNOELECTROPHORESE OU IMMUNOFIXATION);0;0;1;0;0;0;1;7;0;1;2009-02-08
1572;12;0;185;1996-01-01;DYSGLOBULINEMIE : ELECTROPHORESE (PROTEINOGRAMME) + TYPAGE;0;0;1;0;0;0;1;7;0;1;2019-04-01
1573;12;0;20;1996-01-01;CRYOGLOBULINES (SANG);0;0;1;0;0;0;0;2;0;1;2004-01-28
1392;12;0;70;1997-07-30;IMMUNOGLOBULINES IGG1, IGG2, IGG3, IGG4 : 1 PARAMETRE (DOSAGE) (SANG);0;0;1;0;0;0;0;2;0;1;2004-01-28
1393;12;0;130;1997-07-30;IMMUNOGLOBULINES IGG1, IGG2, IGG3, IGG4 : 2 PARAMETRES (DOSAGES) (SANG);0;0;1;0;0;0;0;7;0;1;2004-01-28
1394;12;0;190;1997-07-30;IMMUNOGLOBULINES IGG1, IGG2, IGG3, IGG4 : 3 PARAMETRES OU PLUS (DOSAGES) (SANG);0;0;1;0;0;0;0;7;0;1;2004-01-28
0779;12;0;55;1997-07-30;TRANSFERRINE DESIALYLEE OU DEGLYCOSYLEE (CDT) (DOSAGE) (SANG);0;0;1;0;1;0;0;2;0;1;2017-07-13
1374;12;0;38;1996-01-01;VITAMINE B 12 (DOSAGE) (SANG);0;0;1;0;0;0;0;2;0;1;2019-04-01
1387;12;0;38;1996-01-01;FOLATES SERIQUES OU ERYTHROCYTAIRES (DOSAGE) (SANG);0;0;1;0;0;0;0;2;0;1;2019-04-01
7301;12;0;80;1997-07-30;VITAMINE A (DOSAGE) (SANG);0;0;1;0;0;0;0;2;0;1;2018-04-14
7302;12;0;100;1997-07-30;VITAMINE E (DOSAGE) (SANG);0;0;1;0;0;0;0;2;0;1;2010-01-19
7305;12;0;80;1997-07-30;VITAMINE B6 (DOSAGE) (SANG);0;0;1;0;0;0;0;2;0;1;2018-04-14
1139;12;0;35;1999-07-01;25-(OH)-VITAMINE D (D2+D3);0;0;1;0;1;0;0;2;0;1;2018-04-14
1820;12;0;80;2003-11-27;DERIVES DIHYDROXYLES DE LA VITAMINE D (DOSAGE) (SANG);0;0;1;0;0;0;0;2;0;1;2017-04-01
0316;12;0;30;1996-01-01;COMPLEMENT CH50 PAR REACTION D'HEMOLYSE (DOSAGE) (SANG);0;0;1;0;0;0;0;2;0;1;2009-02-08
1575;12;0;35;1996-01-01;MYOGLOBINE (DOSAGE) (SANG);0;0;1;0;0;0;0;2;0;1;2014-04-13
7335;12;0;63;1999-07-01;TROPONINE (DOSAGE) (SANG);0;0;1;0;0;0;0;2;0;1;2018-04-14
1821;12;0;65;2003-11-27;PEPTIDES NATRIURETIQUES (ANP, BNP, NT-PROBNP) (DOSAGE) (SANG);0;0;1;0;0;0;0;2;0;1;2019-04-01
1577;12;0;22;1996-01-01;HBA1C (DOSAGE) (SANG);0;0;1;0;1;0;0;2;1;1;2019-04-01
1576;12;0;30;1996-01-01;PROTEINES GLYQUEES (FRUCTOSAMINE, ...) (DOSAGE) (SANG);0;0;1;0;1;0;0;2;0;1;2010-01-19
7307;12;0;73;1997-07-30;PROCALCITONINE (DOSAGE) (SANG);0;0;1;0;0;0;0;2;0;1;2019-04-01
7308;12;0;75;1997-07-30;ACIDE HYALURONIQUE (DOSAGE) (SANG);0;0;1;0;0;0;0;2;0;1;2011-06-18
7309;12;0;90;1997-07-30;PHOSPHATASE ALCALINE OSSEUSE (DOSAGE) (SANG);0;0;1;0;0;0;0;2;0;1;2010-01-19
7310;12;0;69;1997-07-30;DEOXYPYRIDINOLINE ET PEPTIDES ASSOCIES (DOSAGE);0;0;1;0;0;0;0;2;0;1;2019-04-01
1213;12;0;24;2000-08-01;FERRITINE (DOSAGE) (SANG);0;0;1;0;1;0;1;3;1;1;2019-04-01
1822;12;0;60;2003-11-27;RECEPTEUR SOLUBLE DE LA TRANSFERRINE (RSTF) (DOSAGE) (SANG);0;0;1;0;0;0;0;2;0;1;2017-07-13
0320;12;0;57;1996-01-01;ALPHA-FOETOPROTEINE (AFP) (DOSAGE) (SANG);0;0;1;0;0;0;0;2;1;1;2019-04-01
7317;12;0;75;1997-07-30;SOUS UNITE BETA HCG LIBRE (DOSAGE) (SANG);0;0;1;0;1;0;0;2;1;1;2010-01-19
7318;12;0;38;1997-07-30;ANTIGENE PROSTATIQUE SPECIFIQUE (PSA) (DOSAGE) (SANG);0;0;1;0;0;0;0;2;1;1;2019-04-01
7320;12;0;57;1997-07-30;ANTIGENE PROSTATIQUE SPEC. LIBRE AVEC RAPPORT PSA LIBRE/PSA TOTAL (DOSAGE SANG);0;0;1;0;1;0;0;6;1;1;2019-04-01
7321;12;0;55;1997-07-30;ANTIGENE CA 15-3 (DOSAGE) (SANG);0;0;1;0;1;0;0;2;1;1;2011-02-11
7323;12;0;55;1997-07-30;ANTIGENE CA 19-9 (DOSAGE) (SANG);0;0;1;0;1;0;0;2;1;1;2018-04-14
7325;12;0;55;1997-07-30;ANTIGENE CA 125 (DOSAGE) (SANG);0;0;1;0;1;0;0;2;1;1;2018-04-14
1823;12;0;80;2003-11-27;ANTIGENE CA 125 (DOSAGE) (AUTRE MILIEU BIO.);0;0;1;0;0;0;0;2;1;0;2004-01-28
7327;12;0;48;1997-07-30;ANTIGENE CARCINO-EMBRYONNAIRE (ACE) (DOSAGE) (SANG);0;0;1;0;1;0;0;2;1;1;2019-04-01
0812;12;0;86;1996-01-01;AG DU CARCINOME A CELLULES SQUAMEUSES (SCC) (DOSAGE) (SANG);0;0;1;0;0;0;0;2;1;1;2016-04-20
0813;12;0;90;1996-01-01;AG TISSULAIRE POLYPEPTIDIQUE (TPA) (DOSAGE) (SANG);0;0;1;0;0;0;0;2;1;1;2010-01-19
1824;12;0;90;2003-11-27;CHROMOGRANINE (DOSAGE) (SANG);0;0;1;0;0;0;0;2;1;1;2010-01-19
1132;12;0;70;1999-07-01;CALCITONINE (DOSAGE) (SANG);0;0;0;0;0;0;0;2;1;1;2017-04-01
0822;12;0;90;1997-07-30;CYFRA 21-1 (DOSAGE) (SANG);0;0;1;0;0;0;0;2;1;1;2014-04-13
0814;12;0;79;1996-01-01;ENOLASE (NSE) (DOSAGE) (SANG);0;0;1;0;0;0;0;2;1;1;2014-04-13
0785;12;0;70;1997-07-30;PARATHORMONE PTHRP (DOSAGE) (SANG);0;0;1;0;0;0;0;2;1;1;2010-01-19
0821;12;0;60;1996-01-01;THYROGLOBULINE (DOSAGE) (SANG);0;0;1;0;0;0;0;2;1;1;2014-04-13
1825;12;0;100;2003-11-27;PARAMETRES TISSULAIRES EN CANCEROLOGIE : DOSAGE;0;0;3;0;1;0;0;7;0;0;2004-01-28
1826;12;0;100;2003-11-27;PARAMETRES TISSULAIRES EN CANCEROLOGIE : TRAITEMENT PRE-ANALYTIQUE;0;0;0;0;1;0;1;7;0;0;2004-01-28
0530;13;1;7;1996-01-01;SANG : ACIDE LACTIQUE (LACTATES);0;0;1;0;0;0;0;2;0;1;2012-01-31
0532;13;1;6;1996-01-01;SANG : ACIDE URIQUE (URICEMIE);0;0;1;0;0;0;0;2;0;1;2017-04-01
0536;13;1;35;1996-01-01;SANG : AMMONIAQUE;0;0;1;0;0;0;0;2;0;1;2011-02-11
0547;13;1;30;1996-01-01;SANG : CUIVRE (CUPREMIE , CU);0;0;1;0;0;0;0;2;0;1;2005-12-11
2003;13;1;30;2008-11-05;SANG : ZINC PLASMATIQUE OU SERIQUE;0;0;1;0;1;0;0;2;0;1;2008-12-25
2002;13;1;17;2017-06-26;SANG : COEFFICIENT DE SATURATION DE LA TRANSFERRINE (CS-TF);0;0;1;0;0;0;1;18;0;1;2019-02-01
0552;13;1;5;1996-01-01;SANG : GLUCOSE (GLYCEMIE);0;0;0;0;0;0;0;2;1;1;2009-02-08
0563;13;1;6;1996-01-01;SANG : PHOSPHORE MINERAL (PHOSPHOREMIE , P);0;0;1;0;0;0;0;2;0;1;2017-04-01
0578;13;1;6;1996-01-01;SANG : CALCIUM (CALCEMIE, CA);0;0;1;0;0;0;0;2;0;1;2017-04-01
0584;13;1;6;1996-01-01;SANG : MAGNESIUM PLASMATIQUE OU GLOBULAIRE (MAGNESEMIE , MG);0;0;2;0;0;0;0;2;1;1;2017-04-01
0591;13;1;6;1996-01-01;SANG : UREE;0;0;1;0;0;0;0;2;0;1;2017-04-01
0592;13;1;6;1997-02-14;SANG : CREATININE;0;0;1;0;0;0;0;6;1;1;2017-04-01
0593;13;1;7;1997-02-14;SANG : UREE ET CREATININE;0;0;1;0;0;0;0;6;1;1;2017-04-01
1601;13;1;8;1996-01-01;SANG : BILIRUBINE (BIL);0;0;1;0;0;0;0;6;0;1;2016-04-20
0580;13;1;5;1996-01-01;SANG : CHOLESTEROL TOTAL (CHOL);0;0;1;0;0;0;0;2;1;1;2009-11-27
0590;13;1;6;1996-01-01;SANG : TRIGLYCERIDES (TG);0;0;1;0;0;0;0;2;1;1;2017-04-01
0996;13;1;19;1999-07-01;SANG : EXPLORATION D'UNE ANOMALIE LIPIDIQUE;0;0;1;0;1;0;1;6;1;1;2019-04-01
1603;13;1;7;1996-01-01;SANG : APOLIPOPROTEINE A1;0;0;1;0;1;0;1;2;1;1;2014-04-13
1602;13;1;7;1996-01-01;SANG : APOLIPOPROTEINES B;0;0;1;0;1;0;1;2;1;1;2014-04-13
2001;13;1;18;2005-09-20;SANG : CHOLESTEROL-LDL (C-LDL);0;0;1;0;1;0;1;2;1;1;2017-04-01
1607;13;1;15;1996-01-01;SANG : OSMOLARITE;0;0;1;0;0;0;0;2;0;1;2011-02-11
0571;13;1;6;1996-01-01;SANG : BICARBONATES OU CO2 TOTAL (RESERVE ALCALINE, RA);0;0;1;0;0;0;0;2;1;1;2017-04-01
1608;13;1;6;1996-01-01;SANG : POTASSIUM (K);0;0;1;0;0;0;0;2;1;1;2017-04-01
1609;13;1;12;1996-01-01;SANG : IONOGRAMME (NA+K+ EVENTUELLEMENT CL);0;0;1;0;0;0;0;6;1;1;2016-04-20
1610;13;1;22;1996-01-01;SANG : IONOGRAMME COMPLET (NA + K + CL + CO2 + PROTIDES);0;0;1;0;0;0;0;6;1;1;2018-04-14
0559;13;1;25;1996-01-01;SANG : METHEMOGLOBINE (METHB);0;0;1;0;0;0;0;2;0;1;2011-02-11
1612;13;1;7;1996-01-01;SANG : SATURATION EN O2 (SAO2);0;0;0;0;0;0;0;2;0;1;2012-01-31
0999;13;1;70;1999-07-01;SANG : GAZ DU SANG;0;0;0;0;1;0;0;7;1;1;2019-04-01
1000;13;1;140;2011-03-01;SCORE BIOLOGIQUE FIBROSE HEPATIQUE - FIBROTEST;0;0;1;0;1;0;0;7;0;1;2011-06-18
1001;13;1;140;2011-03-01;SCORE BIOLOGIQUE FIBROSE HEPATIQUE - FIBROMETRE V;0;0;1;0;1;0;0;7;0;1;2011-06-18
1002;13;1;140;2011-03-01;SCORE BIOLOGIQUE FIBROSE HEPATIQUE - HEPASCORE;0;0;1;0;1;0;0;7;0;1;2011-06-18
0603;13;2;10;1996-01-01;LCR : GLUCOSE (GLUCORACHIE);0;0;1;0;0;0;1;2;0;0;2005-12-11
1613;13;2;9;1996-01-01;LCR : PROTEINES TOTALES (PROTEINORACHIE);0;0;1;0;0;0;1;2;0;0;2013-04-17
0611;13;2;70;1996-01-01;LCR : ELECTROPHORESE DES PROTEINES;0;0;1;0;0;0;0;7;0;0;2005-12-11
1614;13;2;35;1996-01-01;LCR : 1 PROTEINE : DOSAGE;0;0;1;0;0;0;0;2;0;0;2005-12-11
1615;13;2;70;1996-01-01;LCR : 2 PROTEINES OU PLUS : DOSAGES;0;0;1;0;0;0;0;2;0;0;2005-12-11
1616;13;2;180;1996-01-01;LCR : DYSGLOBULINORACHIE : RECH. OU TYPAGE;0;0;1;0;0;0;0;7;0;0;2005-12-11
0614;13;2;230;1996-01-01;LCR : DYSGLOBULINORACHIE : ELECTROPHORESE ET TYPAGE;0;0;1;0;0;0;1;7;0;0;2005-12-11
2004;13;3;4;2005-09-20;UR. PROTEINURIE;0;0;1;0;0;0;0;6;0;0;2005-12-11
0635;13;3;55;1996-01-01;UR. : ELECTROPHORESE DES PROTEINES(PROTEINOGRAMME);0;0;1;0;0;0;0;7;0;0;2011-02-11
1133;13;3;15;1999-07-01;UR. : MICROALBUMINURIE : DOSAGE;0;0;1;0;1;0;0;7;0;0;2012-01-31
1619;13;3;180;1996-01-01;UR. : PROTEINURIE DE BENCE JONES:RECHERCHE ET IDENTIFICATION;0;0;1;0;0;0;1;7;0;0;2005-12-11
1620;13;3;140;1996-01-01;UR. : PROTEINURIE : TYPAGE;0;0;1;0;0;0;0;7;0;0;2005-12-11
0990;13;3;60;1996-01-01;UR. : ACIDES AMINES LIBRES CARACTERISATION PAR CHROMATO.;0;0;1;0;0;0;0;2;0;0;2005-12-11
0991;13;3;80;1996-01-01;UR. : ACIDES AMINES TOTAUX CARACTERISATION PAR CHROMATO.;0;0;1;0;0;0;0;2;0;0;2005-12-11
1621;13;3;12;1996-01-01;UR. : POTASSIUM ET SODIUM (IONOGRAMME, K + NA);0;0;1;0;0;0;0;6;0;0;2013-04-17
2005;13;3;6;2005-09-20;UR. : SODIUM;0;0;1;0;0;0;0;2;0;0;2017-04-01
2006;13;3;6;2005-09-20;UR. : POTASSIUM;0;0;1;0;0;0;0;2;0;0;2017-04-01
0620;13;3;5;1996-01-01;UR. : ACETONE  (ACETONURIE);0;0;1;0;0;0;0;2;0;0;2005-12-11
0622;13;3;7;1996-01-01;UR. : ACIDE URIQUE  (URICURIE);0;0;1;0;0;0;0;2;0;0;2011-02-11
0624;13;3;6;1996-01-01;UR. : CALCIUM (CALCIURIE);0;0;1;0;0;0;0;2;0;0;2017-04-01
0627;13;3;6;1996-01-01;UR. : CREATININE (CREATININURIE);0;0;1;0;0;0;1;2;0;0;2017-04-01
0629;13;3;6;1996-01-01;UR. : PHOSPHORE MINERAL(PHOSPHATURIE);0;0;1;0;0;0;0;2;0;0;2017-04-01
0630;13;3;7;1996-01-01;UR. : PH : MESURE ELECTROMETRIQUE;0;0;1;0;0;0;0;2;0;0;2011-02-11
0631;13;3;5;1996-01-01;UR. : PIGMENTS ET SELS BILIAIRES : RECH.;0;0;1;0;0;0;0;2;0;0;2005-12-11
0637;13;3;5;1996-01-01;UR. : PORPHYRINES : RECH.;0;0;1;0;0;0;0;2;0;0;2005-12-11
0638;13;3;70;1996-01-01;UR. : PORPHYRINES : RECH., DOSAGE,  IDENTIFICATION;0;0;1;0;0;0;0;6;0;0;2005-12-11
0640;13;3;6;1996-01-01;UR. : RECHERCHE DE SANG (HEMATIES ET/OU HEMOGLOBINE);0;0;1;0;0;0;0;2;1;0;2019-04-01
2007;13;3;4;2005-09-20;UR. : GLYCOSURIE;0;0;1;0;0;0;0;2;1;0;2005-12-11
0647;13;3;5;1996-01-01;UR. : UROBILINE : RECH.;0;0;1;0;0;0;0;2;0;0;2005-12-11
0992;13;3;50;1996-01-01;UR. : HYDROXYPROLINE TOTALE ET LIBRE(HYDROXYPROLINURIE);0;0;1;0;0;0;0;2;0;0;2010-01-19
2008;13;3;30;2007-01-24;UR. : CUIVRE;0;0;1;0;1;0;0;2;0;0;2007-04-30
2009;13;3;40;2005-09-20;UR. : CRISTALLURIE;0;0;1;0;1;0;0;6;0;0;2005-12-11
2010;13;3;30;2005-09-20;UR. : OXALURIE;0;0;1;0;1;0;0;2;0;0;2005-12-11
2011;13;3;30;2005-09-20;UR. : CITRATURIE;0;0;1;0;1;0;0;2;0;0;2005-12-11
2012;13;3;6;2005-09-20;UR. : MAGNESURIE;0;0;1;0;1;0;0;2;0;0;2018-04-14
2013;13;3;65;2005-09-20;UR. : OXALURIE + CITRATURIE + MAGNESURIE;0;0;1;0;1;0;0;6;0;0;2005-12-11
1414;13;4;60;1996-01-01;TEST AU XYLOSE;0;0;1;0;0;0;0;7;0;1;2008-12-25
1416;13;4;60;2008-11-07;ALPHA 1 ANTITRYPSINE FECALE;0;0;1;0;0;0;0;3;0;0;2008-12-25
1415;13;4;100;1996-01-01;CLAIRANCE FECALE DE L'ALPHA 1 ANTITRYPSINE;0;0;1;0;0;0;0;7;0;1;2008-12-25
1622;13;4;70;1996-01-01;EXAMEN PHYSIQUE COMPLET D'UNE SELLE;0;0;1;0;0;0;1;7;0;0;2008-12-25
1417;13;4;50;2008-11-07;SELLES : EXAMEN MICROSCOPIQUE DIRECT DES GRAISSES;0;0;1;0;0;0;1;7;0;0;2008-12-25
0666;13;4;90;1996-01-01;SELLES : LIPIDES TOTAUX;0;0;1;0;0;0;0;3;0;0;2008-12-25
1624;13;4;70;1996-01-01;AZOTE FECAL TOTAL;0;0;1;0;0;0;0;3;0;0;2008-12-25
1418;13;4;40;2008-11-07;AZOTE FECAL SOLUBLE;0;0;1;0;0;0;1;3;0;0;2008-12-25
1626;13;4;45;1996-01-01;IONOGRAMME FECAL;0;0;1;0;0;0;1;7;0;0;2008-12-25
1627;13;4;65;1996-01-01;OSMOLARITE FECALE;0;0;1;0;0;0;0;7;0;0;2008-12-25
1419;13;4;10;2008-11-07;SELLES : PH;0;0;1;0;0;0;0;3;0;0;2008-12-25
1500;13;4;10;2008-11-07;SELLES : PIGMENTS BILIAIRES;0;0;1;0;0;0;0;3;0;0;2008-12-25
1501;13;4;40;2008-11-07;SELLES : ACIDES ORGANIQUES;0;0;1;0;0;0;0;3;0;0;2008-12-25
1502;13;4;40;2008-11-07;SELLES : AMMONIAQUE/DERIVES AMINES;0;0;1;0;0;0;0;3;0;0;2008-12-25
1630;13;4;350;1996-01-01;FECALOGRAMME (COPROLOGIE FONCTIONNELLE);0;0;1;0;0;0;0;7;0;0;2008-12-25
1503;13;4;80;2008-11-07;CALORIMETRIE FECALE;0;0;1;0;0;0;0;3;0;0;2008-12-25
1504;13;4;50;2008-11-07;SELLES : CONTAMINATION URINAIRE;0;0;1;0;0;0;0;7;0;0;2008-12-25
1505;13;4;30;2008-11-07;EXAMEN URINES : MISE EN EVIDENCE FISTULE ENTERO-VESICALE;0;0;1;0;0;0;0;3;0;0;2008-12-25
1629;13;4;20;1996-01-01;SELLES : RECHERCHE DE SANG;0;0;3;0;0;0;1;3;0;0;2014-04-13
1506;13;4;120;2008-11-07;ELASTASE FECALE;0;0;1;0;1;0;0;3;0;0;2008-12-25
1628;13;4;60;1996-01-01;ACTIVITE CHYMOTRYPSIQUE FECALE;0;0;1;0;0;0;1;3;0;0;2008-12-25
1507;13;4;60;2008-11-07;TEST A L'HYDROGENE EXPIRE : PRELEVEMENTS;0;0;1;0;0;0;0;7;0;0;2008-12-25
1508;13;4;200;2008-11-07;TEST A L'HYDROGENE EXPIRE : MESURES;0;0;1;0;0;0;0;7;0;0;2008-12-25
1682;13;4;120;2008-11-07;RECHERCHE LAXATIFS DANS LES URINES;0;0;1;0;0;0;0;7;0;0;2008-12-25
1683;13;4;170;2008-11-07;RECHERCHE LAXATIFS DANS LES SELLES;0;0;1;0;0;0;0;7;0;0;2008-12-25
1632;13;7;100;1996-01-01;CALCULS : PAR ANALYSE SEQUENTIELLE OPTIQUE ET PHYSIQUE ( I.R. );0;0;1;0;0;0;0;3;0;0;2005-12-11
0691;13;8;9;1996-01-01;LIQUIDES DE SEROSITE : PROTEINES : DOSAGE;0;0;0;0;0;0;1;2;0;0;2013-04-17
0693;13;8;60;1996-01-01;LIQUIDES DE SEROSITE :ELECTROPHORESE DES PROTEINES(PROTEINOGRAMME);0;0;0;0;0;0;0;3;0;0;2005-12-11
1633;13;8;35;1996-01-01;LIQUIDES DE SEROSITE : 1 PROTEINE : DOSAGE;0;0;0;0;0;0;0;2;0;0;2005-12-11
1634;13;8;70;1996-01-01;LIQUIDES DE SEROSITE : 2 PROTEINES OU PLUS : DOSAGES;0;0;0;0;0;0;0;6;0;0;2005-12-11
1635;13;9;50;1996-01-01;EPREUVE DE LA SUEUR PAR METHODE PHYSICO-CHIMIQUE;0;0;1;0;0;0;0;2;0;0;2005-12-11
0407;13;10;30;1996-01-01;CLAIRANCE (RENALE) DE LA CREATININE;0;0;1;0;0;0;0;6;0;1;2005-12-11
0412;13;10;30;1996-01-01;EPREUVE D'HYPERGLYCEMIE PROVOQUEE (H.P.O., H.G.P.O.);0;0;1;0;0;0;0;6;1;1;2018-04-14
0413;13;10;20;1996-01-01;EPREUVE SIMPLIFIEE D'HYPERGLYCEMIE;0;0;1;0;0;0;1;6;1;1;2005-12-11
1650;14;0;70;1996-01-01;ANTIBIOTIQUE(AMINOSIDES,VANCOMYCINE,...) : UN DOSAGE (SANG);0;0;0;0;0;0;0;6;0;1;1996-01-01
1651;14;0;120;1996-01-01;ANTIBIOTIQUE (AMINOSIDES,VANCOMYCINE,...):DEUX DOSAGES DU MEME (SANG);0;0;0;0;0;0;0;6;0;1;1996-01-01
1652;14;0;80;1996-01-01;ISONIAZIDE (INH , RIMIFON) (SANG);0;0;2;0;0;0;0;6;0;1;1996-01-01
1653;14;0;120;1996-01-01;ISONIAZIDE (INH,RIMIFON)ET SON METABOLITE (SANG);0;0;2;0;0;0;0;6;0;1;1996-01-01
4117;14;0;120;2004-12-22;CONCENTRATIONS PLASMATIQUES DES ANTIRETROVIRAUX;0;1;0;0;1;0;0;6;0;1;2005-01-31
1054;14;0;70;1996-01-01;CICLOSPORINE A (SANDIMMUN) (SANG);0;0;1;0;0;0;0;6;0;1;2007-11-11
1376;14;0;120;1996-01-01;CICLOSPORINE APRES CHROMATOGRAPHIE (SANDIMMUN) (SANG);0;0;1;0;0;0;0;6;0;1;1997-07-30
1377;14;0;65;2001-02-07;DOSAGE AUTRE IMMUNOSUPRESSEUR (TACROLIMUS, SIROLIMUS, EVEROLIMUS,...);0;0;1;0;1;0;0;6;0;1;2018-04-14
1655;14;0;80;1996-01-01;METHOTREXATE (SANG);0;0;1;0;0;0;0;6;0;1;1996-01-01
1656;14;0;120;1996-01-01;METHOTREXATE ET SON METABOLITE (SANG);0;0;1;0;0;0;0;6;0;1;1996-01-01
1657;14;0;140;1996-01-01;ANTITUMORAUX (AUTRES QUE METHOTREXATE) (SANG);0;0;0;0;0;0;0;6;0;1;1997-03-27
0657;14;0;140;1997-02-14;ANTITUMORAUX (AUTRES QUE METHOTREXATE) DANS UN AUTRE LIQ BIO QUE SANG;0;0;0;0;0;0;0;6;0;0;1997-03-27
0335;14;0;50;1996-01-01;THEOPHYLLINE (SANG);0;0;1;0;0;0;0;6;0;1;2011-02-11
1649;14;0;70;1997-02-14;THEOPHYLLINE DANS UN AUTRE LIQUIDE BIOLOGIQUE QUE LE SANG;0;0;1;0;0;0;0;6;0;0;1997-03-27
1658;14;0;70;1996-01-01;CAFEINE (EN PEDIATRIE);0;0;1;0;0;0;0;6;0;1;1996-01-01
1659;14;0;95;1996-01-01;ANALGESIQUES OU STUPEFIANTS NON NOMMEMENT INSCRITS A LA NABM (SANG);0;0;0;0;1;0;0;6;0;1;2012-01-31
0659;14;0;90;1997-02-14;ANALGESIQUES OU STUPEFIANTS NON INSCRITS A LA NABM (AUTRE LIQ BIO QUE SANG);0;0;0;0;1;0;0;6;0;0;2014-04-13
1660;14;0;50;1996-01-01;ACIDE SALICYLIQUE : DOSAGE;0;0;1;0;1;0;0;6;0;1;1996-01-01
1661;14;0;70;1996-01-01;PARACETAMOL : DOSAGE;0;0;1;0;1;0;0;6;0;1;1996-01-01
1662;14;0;100;1996-01-01;PSYCHOTROPES NON NOMMEMENT INSCRITS A LA NABM  (SANG);0;0;0;0;0;0;0;6;0;1;2012-01-31
0662;14;0;100;1997-02-14;PSYCHOTROPES NON INSCRITS A LA NABM DANS UN AUTRE LIQ BIO QUE SANG;0;0;0;0;0;0;0;6;0;0;2012-01-31
1663;14;0;70;1996-01-01;ANTIDEPRESSEURS TRICYCLIQUES : RECHERCHE (SANG);0;0;0;0;0;0;0;6;0;1;1997-03-27
0663;14;0;70;1997-02-14;ANTIDEPRESSEURS TRICYCLIQUES : RECH DANS UN AUTRE LIQ QUE SANG;0;0;0;0;0;0;0;6;0;0;1997-03-27
1664;14;0;120;1996-01-01;ANTIDEPRESSEURS AUTRES QUE TRICYCLIQUES : RECHERCHE (SANG);0;0;0;0;0;0;0;6;0;1;1997-03-27
0664;14;0;120;1997-02-14;ANTIDEPRESSEURS AUTRES QUE TRICYCLIQUES DANS UN AUTRE LIQ BIOL QUE LE SANG;0;0;0;0;0;0;0;6;0;0;1997-03-27
1665;14;0;120;1996-01-01;ANTIDEPRESSEURS : DOSAGE SPECIFIQUE (SANG);0;0;0;0;0;0;0;6;0;1;1997-03-27
0665;14;0;120;1997-02-14;ANTIDEPRESSEURS : DOSAGE SPECIFIQUE DANS UN AUTRE LIQUIDE BIOLOGIQUE QUE LE SANG;0;0;0;0;0;0;0;6;0;0;1997-03-27
1666;14;0;190;1996-01-01;ANTIDEPRESSEURS : RECHERCHE ET DOSAGE (SANG);0;0;0;0;1;0;0;6;0;1;1997-03-27
0668;14;0;190;1997-02-14;ANTIDEPRESSEURS : RECHERCHE ET DOSAGE DANS UN AUTRE LIQUIDE BIOLOGIQUE QUE LE SG;0;0;0;0;1;0;0;6;0;0;1997-03-27
1667;14;0;70;1996-01-01;BENZODIAZEPINES : RECHERCHE (SANG);0;0;0;0;1;0;0;6;0;1;1997-03-27
0667;14;0;70;1997-02-14;BENZODIAZEPINES : RECHERCHE DANS UN AUTRE LIQUIDE BIOLOGIQUE QUE LE SANG;0;0;0;0;1;0;0;6;0;0;1997-03-27
1668;14;0;120;1996-01-01;DIAZEPAM (VALIUM, ...) ET SON METABOLITE;0;0;1;0;0;0;0;6;0;1;1996-01-01
1669;14;0;120;1996-01-01;CLONAZEPAM (RIVOTRIL);0;0;1;0;0;0;0;6;0;1;1996-01-01
0325;14;0;65;1996-01-01;CARBAMAZEPINE (TEGRETOL);0;0;1;0;0;0;0;6;1;1;2017-04-01
0328;14;0;70;1996-01-01;ETHOSUXIMIDE (ZARONTIN);0;0;1;0;0;0;0;6;0;1;1996-01-01
0340;14;0;65;1996-01-01;ACIDE VALPROIQUE (DEPAKINE);0;0;1;0;0;0;0;6;0;1;2009-02-08
0332;14;0;55;1996-01-01;PHENITOINE (DIPHENYL-HYDANTOINE, DIHYDAN, ...);0;0;1;0;0;0;0;6;0;1;2011-02-11
0333;14;0;55;1996-01-01;PHENOBARBITAL (GARDENAL, ...);0;0;1;0;0;0;0;6;0;1;2011-02-11
1670;14;0;140;1996-01-01;PRIMIDONE (MYSOLINE) + PHENOBARBITAL (GARDENAL);0;0;1;0;0;0;0;6;0;1;1996-01-01
1671;14;0;120;1996-01-01;ANTIEPILEPTIQUE NON NOMMEMENT INSCRIT A LA NABM (SANG);0;0;0;0;0;0;0;6;0;1;1997-03-27
0671;14;0;120;1997-02-14;ANTIEPILEPTIQUE NON INSCRIT A LA NABM (DANS UN AUTRE LIQUIDE BIOL QUE LE SANG);0;0;0;0;0;0;0;6;0;0;1997-03-27
1672;14;0;70;1996-01-01;BARBITURIQUES : RECHERCHE (SANG);0;0;0;0;0;0;0;6;0;1;1997-03-27
0672;14;0;70;1997-02-14;BARBITURIQUES : RECHERCHE DANS UN AUTRE LIQUIDE BIOLOGIQUE QUE LE SANG;0;0;0;0;0;0;0;6;0;0;1997-03-27
1673;14;0;120;1996-01-01;BARBITURIQUES (SAUF PHENOBARBITAL) : DOSAGE (SANG);0;0;0;0;0;0;0;6;0;1;1997-03-27
0673;14;0;120;1997-02-14;BARBITURIQUES (SAUF PHENOBARBITAL) : DOSAGE DANS UN AUTRE LIQ BIOL QUE LE SANG;0;0;0;0;0;0;0;6;0;0;1997-03-27
1674;14;0;190;1996-01-01;BARBITURIQUES : RECHERCHE ET DOSAGE (SANG);0;0;0;0;1;0;0;6;0;1;1997-03-27
0674;14;0;190;1997-02-14;BARTURIQUES : RECHERCHE ET DOSAGE DANS UN AUTRE LIQUIDE BIOLOGIQUE QUE LE SANG;0;0;0;0;1;0;0;6;0;0;1997-03-27
0327;14;0;65;1996-01-01;DIGOXINE OU DIGITOXINE (DIGITALINE);0;0;1;0;0;0;0;6;0;1;2017-04-01
1675;14;0;70;1996-01-01;DISOPYRAMIDE (ISORYTHM, RYTHMODAN);0;0;1;0;0;0;0;6;0;1;1996-01-01
1676;14;0;70;1996-01-01;LIDOCAINE (XYLOCAINE, ...);0;0;1;0;0;0;0;6;0;1;1996-01-01
1677;14;0;70;1996-01-01;QUINIDINE OU HYDROQUINIDINE (SERECOR, NATISEDINE, CARDIOQUINE, LONGACOR);0;0;1;0;0;0;0;6;0;1;1996-01-01
1678;14;0;120;1996-01-01;ANTIARYTHMIQUES NON NOMMEMENT INSCRITS A LA NABM;0;0;0;0;0;0;0;6;0;1;1996-01-01
1679;14;0;60;1996-01-01;ALUMINIUM (AL) (SANG);0;0;0;0;0;0;0;6;0;1;1997-03-27
0679;14;0;60;1997-02-14;ALUMINIUM (AL) DANS UN AUTRE LIQUIDE BIOLOGIQUE QUE LE SANG;0;0;0;0;0;0;0;6;0;0;1997-03-27
0565;14;0;60;1996-01-01;PLOMB (PB , PLOMBEMIE) (SANG);0;0;0;0;0;0;0;6;0;1;1997-03-27
0566;14;0;60;1997-02-14;PLOMB (PB) DANS UN AUTRE LIQUIDE BIOLOGIQUE QUE LE SANG;0;0;0;0;0;0;0;6;0;0;1997-03-27
1680;14;0;35;1996-01-01;OXYDE DE CARBONE DU SANG (CO);0;0;1;0;0;0;0;6;0;1;1996-01-01
0557;14;0;20;1996-01-01;LITHIUM (LI , LITHIEMIE , LI SERIQUE , LI ERYTHROCYTAIRE) (SANG);0;0;2;0;0;0;0;6;1;1;1997-03-30
0567;14;0;20;1997-02-14;LITHIUM (LI) DANS UN AUTRE LIQUIDE BIOLOGIQUE QUE LE SANG;0;0;2;0;0;0;0;6;0;0;1997-03-27
0537;14;0;65;1996-01-01;BENZENE;0;0;1;0;0;0;0;6;0;1;1996-01-01
0534;14;0;30;1996-01-01;ALCOOL (ETHYLIQUE OU METHYLIQUE);0;0;1;0;0;0;0;6;0;1;2011-02-11
1690;14;0;300;1999-07-01;CORPS ASBESTOSIQUES (PARENCH. PULM., LBA, EXPECTORATION);0;0;0;0;0;0;0;0;0;0;1999-07-12
1691;14;0;200;2010-10-22;RECHERCHE ALLELE HLA-B*5701;0;1;1;0;1;1;0;3;0;1;2011-03-15
4101;16;1;150;1996-01-01;GENOME (ADN) : MYCOBACTERIES HYBRID MOLEC : DIAG D'ESPECE ET IDENT;0;0;0;0;0;0;1;6;0;0;1997-07-30
4102;16;1;250;1996-01-01;GENOME (ADN) : MYCOBACTERIES HYBRID MOLEC DANS TISSUS ET LCR;0;0;0;0;1;0;0;6;0;0;1997-07-30
4122;16;2;175;1997-10-13;GENOME (ARN) VIH - 1 : CHARGE VIRALE;0;1;1;0;1;0;0;6;0;1;2019-04-01
4128;16;2;240;2008-11-06;GENOME (ARN) VIH - 1 DANS PLASMA SEMINAL ET/OU FRACTION FINALE SPERMATOZOIDES;0;1;2;0;1;0;0;7;0;0;2008-12-25
0805;16;2;1100;2004-12-22;VIH : RESISTANCE GENOTYPIQUE AUX ANTIRETROVIRAUX (INHIBITEURS ENZYMATIQUES);0;1;1;0;1;0;0;6;0;1;2005-01-31
0806;16;2;550;2004-12-22;VIH : RESISTANCE GENOTYPIQUE AUX ANTIRETROVIRAUX (INHIBITEURS DE FUSION,...);0;1;1;0;1;0;0;6;0;1;2005-01-31
4127;16;2;100;2004-02-06;PAPILLOMAVIRUS HUMAINS ONCOGENES (HPV) GENOME VIRAL;0;0;1;0;1;0;0;7;0;0;2018-04-14
4001;17;1;500;1996-04-05;DPN : C. INDEX - ET. FAMILIALE : ORIENTATION : PROFILS METABOLIQUES;0;1;0;0;0;1;0;0;0;1;1996-04-05
4002;17;1;120;1996-04-05;DPN : C. INDEX - ET. FAMILIALE : ORIENTATION : DOSAGE METABOLITE;0;1;0;0;0;1;0;0;0;1;1996-04-05
4003;17;1;650;1996-04-05;DPN : C. INDEX - ET. FAMILIALE : ORIENT : IMMUNOCHIMIE PROT OU METAB SUR CELL;0;1;0;0;0;1;0;0;0;1;1996-04-05
4010;17;1;1000;1996-04-05;DPN : C. INDEX - ET. FAMILIALE : ETUDE D'UN METABOLISME IN VITRO;0;1;1;0;0;1;0;0;0;1;1996-04-05
4011;17;1;100;1996-04-05;DPN : C. INDEX - ET. FAMILIALE : ENZ : SUBSTRAT NON ISOTOPIQUE - 1 ACTIVITE;0;1;5;0;0;1;0;0;0;1;1996-04-05
4012;17;1;500;1996-04-05;DPN : C. INDEX - ET. FAMILIALE : ENZ SUBSTRAT NON ISOTOPIQUE (TECHN. COMPLEXE);0;1;1;0;0;1;0;0;0;1;1996-04-05
4013;17;1;1200;1996-04-05;DPN : C. INDEX - ET. FAMILIALE : ENZ (SUBSTRAT ISOTOPIQUE);0;1;1;0;0;1;0;0;0;1;1996-04-05
4020;17;1;100;1996-04-05;DPN PROPREMENT DIT : ALPHA FOETO PROTEINE;0;1;1;0;0;1;0;0;0;1;1996-04-05
4021;17;1;150;1996-04-05;DPN PROPREMENT DIT - ACETYLCHOLINESTERASE AVEC ELECTROPHORESE;0;1;1;0;0;1;0;0;0;1;1996-04-05
4022;17;1;100;1996-04-05;DPN PROPREMENT DIT : ACTIVITE ENZ : TYPE PHOSPHATASE ALCALINE;0;1;1;0;0;1;0;0;0;1;1996-04-05
4023;17;1;250;1996-04-05;DPN PROPREMENT DIT : EXPLORATION THYROIDIENNE;0;1;0;0;0;1;0;0;0;1;1996-04-05
4024;17;1;200;1996-04-05;DPN PROPREMENT DIT : MEDICAMENT;0;1;0;0;0;1;0;0;0;1;1996-04-05
4025;17;1;150;1996-04-05;DPN PROPREMENT DIT : MARQUEUR TUMORAL;0;1;0;0;0;1;0;0;0;1;1996-04-05
4026;17;1;1000;1996-04-05;DPN PROPREMENT DIT : ETUDE METABOLIQUE GLOBALE SUR CELLULES;0;1;1;0;0;1;0;0;0;1;1996-04-05
4027;17;1;500;1996-04-05;DPN PROPREMENT DIT : ETUDE ENZ SUR CELLULES (SUBSTRAT NON ISOTOPIQUE);0;1;1;0;0;1;0;0;0;1;1996-04-05
4028;17;1;1200;1996-04-05;DPN PROPREMENT DIT : ETUDE ENZ SUR CELLULES (SUBSTRAT ISOTOPIQUE);0;1;1;0;0;1;0;0;0;1;1996-04-05
4030;17;1;1250;1996-04-05;DPN : C. INDEX - ET. FAMILIALE : CULTURES CELLULAIRES;0;1;1;0;0;1;0;0;0;1;1996-04-05
4031;17;1;1000;1996-04-05;DPN PROPREMENT DIT : CULTURES CELLULAIRES;0;1;1;0;0;1;0;0;0;1;1996-04-05
4033;17;2;500;1996-04-05;DPN : C. INDEX - ET. FAMILIALE : MAL. HEREDITAIRES METABOLIQUES;0;1;0;0;0;1;0;0;0;0;1996-04-05
4034;17;2;700;1996-04-05;DPN PROPREMENT DIT : MAL. HEREDITAIRES METABOLIQUES;0;1;0;0;0;1;0;0;0;0;1996-04-05
4040;17;2;200;1996-04-05;DPN : ET. FAMILIALE : MUCOVISCIDOSE : 2 MUTATIONS, DONT DELTA F 508;0;1;1;0;0;1;0;0;0;0;1996-04-05
4041;17;2;400;1996-04-05;DPN : ET. FAMILIALE : MUCOVISCIDOSE : PLUS DE 2 MUTATIONS;0;1;1;0;0;1;0;0;0;0;1996-04-05
4042;17;2;500;1996-04-05;DPN : ET. FAMILIALE : MUCOVISCIDOSE : POLYMORPHISME DE L'ADN;0;1;1;0;0;1;0;0;0;0;1996-04-05
4044;17;2;400;1996-04-05;DPN PROPREMENT DIT : MUCOVISCIDOSE : DELTA F 508;0;1;1;0;0;1;0;0;0;0;1996-04-05
4045;17;2;600;1996-04-05;DPN PROPREMENT DIT : MUCOVISCIDOSE : AUTRES MUTATIONS QUE DELTA F 508;0;1;1;0;0;1;0;0;0;0;1996-04-05
4046;17;2;700;1996-04-05;DPN PROPREMENT DIT  : MUCOVISCIDOSE : POLYMORPHISME DE L'ADN;0;1;1;0;0;1;0;0;0;0;1996-04-05
4050;17;2;500;1996-04-05;DPN : ET. FAMILIALE : X FRAGILE;0;1;1;0;0;1;0;0;0;0;1996-04-05
4051;17;2;700;1996-04-05;DPN PROPREMENT DIT : X FRAGILE;0;1;1;0;0;1;0;0;0;0;1996-04-05
4052;17;2;500;1996-04-05;DPN : ET. FAMILIALE : MYOPATHIES DUCHENNE ET BECKER;0;1;0;0;0;1;0;0;0;0;1996-04-05
4053;17;2;700;1996-04-05;DPN PROPREMENT DIT : MYOPATHIES DUCHENNE ET BECKER;0;1;0;0;0;1;0;0;0;0;1996-04-05
4054;17;2;600;1996-04-05;DPN : DREPANOCYTOSE;0;1;1;0;0;1;0;0;0;0;1996-04-05
4055;17;2;400;1996-04-05;DPN : BETA THALASSEMIE MAJEURE (2 MUTATIONS);0;1;1;0;0;1;0;0;0;0;1996-04-05
4056;17;2;600;1996-04-05;DPN : BETA THALASSEMIE MAJEURE (+ DE 2 MUTATIONS);0;1;1;0;0;1;0;0;0;0;1996-04-05
4057;17;2;700;1996-04-05;DPN : BETA-THALASSEMIE : POLYMORPHISME DE L'ADN;0;1;1;0;0;1;0;0;0;0;1996-04-05
4058;17;2;500;1996-04-05;DPN : ALPHA-THALASSEMIE AVEC ANTECEDENTS FAMILIAUX CONNUS;0;1;1;0;0;1;0;0;0;0;1996-04-05
4059;17;2;700;1996-04-05;DPN : ALPHA-THALASSEMIE SANS ANTECEDENTS FAMILIAUX CONNUS;0;1;1;0;0;1;0;0;0;0;1996-04-05
4080;17;2;500;1996-04-05;DPN : ET. FAMILIALE : HEMOPHILIES;0;1;0;0;0;1;0;0;0;0;1996-04-05
4081;17;2;700;1996-04-05;DPN PROPREMENT DIT : HEMOPHILIES;0;1;0;0;0;1;0;0;0;0;1996-04-05
4082;17;2;500;1996-04-05;DPN : ET. FAMILIALE : AUTRES AFFECTIONS GENETIQUES;0;1;0;0;0;1;0;0;0;0;1996-04-05
4083;17;2;700;1996-04-05;DPN PROPREMENT DIT : AUTRES INFECTIONS GENETIQUES;0;1;0;0;0;1;0;0;0;0;1996-04-05
4063;17;3;600;1996-04-05;DPN : RECHERCHE DE L'ADN TOXOPLASMIQUE;0;1;1;0;0;1;0;4;0;0;2019-02-01
4064;17;3;150;1996-04-05;DPN : CYTOMEGALOVIRUS (CMV) : CULTURE;0;1;1;0;0;1;0;0;0;1;1996-04-05
4065;17;3;600;1996-04-05;DPN : RECHERCHE DE L'ADN DU CYTOMEGALOVIRUS (CMV);0;1;1;0;0;1;0;0;0;1;1996-04-05
4066;17;3;600;1996-04-05;DPN : RECHERCHE DE L'ADN DU VIRUS DE LA VARICELLE;0;1;1;0;0;1;0;0;0;1;1996-04-05
4067;17;3;150;1996-04-05;DPN : RUBEOLE : CULTURE;0;1;1;0;0;1;0;0;0;1;1996-04-05
4068;17;3;150;1996-04-05;DPN : RUBEOLE : INTERFERON;0;1;1;0;0;1;0;0;0;1;1996-04-05
4069;17;3;450;1996-04-05;DPN : RECHERCHE DE L'ARN DU VIRUS DE LA RUBEOLE;0;1;1;0;0;1;0;0;0;1;1996-04-05
4070;17;3;600;1996-04-05;DPN : RECHERCHE DE L'ADN DU PARVOVIRUS;0;1;1;0;0;1;0;0;0;1;1996-04-05
4075;17;4;700;1996-04-05;DPN : DEFICIT IMMUNOLOGIQUE (ADENOSINE DEAMINASE);0;1;1;0;0;1;0;0;0;1;1996-04-05
4076;17;4;400;1996-04-05;DPN : ALLOIMMUNISATION FOETO-MATERNELLE;0;1;1;0;0;1;0;0;0;1;1996-04-05
4077;17;4;600;1996-04-05;DPN : ALLOANTICORPS RESPONSABLE ANEMIE OU THROMBOPENIE;0;1;1;0;0;1;0;0;0;1;1996-04-05
4095;17;5;1500;1996-04-05;DPN : DEFICIT CONGENITAL EN FACTEUR DE L'HEMOSTASE (VIII , IX , W, PROT C, S..);0;1;0;0;0;1;0;0;0;1;1996-04-05
4096;17;5;1500;1996-04-05;DPN : ANOMALIE DES PLAQUETTES (GLANZMANN ...);0;1;0;0;0;1;0;0;0;1;1996-04-05
4097;17;5;500;1996-04-05;DPN : PURPURA THROMBOPENIQUE IDIOPATHIQUE (PTI);0;1;0;0;0;1;0;0;0;1;1996-04-05
4006;17;6;150;2009-10-28;DPN : TRISOMIE 21 FOETALE : DEPISTAGE COMBINE 1ER TRIMESTRE DE LA GROSSESSE;0;1;1;0;1;1;0;7;0;1;2019-04-01
4005;17;6;100;2009-10-28;DPN : TRISOMIE 21 FOETALE : DEPISTAGE SEQUENTIEL INTEGRE AU 2E TRIMESTRE;0;1;1;0;1;1;0;7;0;1;2019-04-01
4004;17;6;110;1999-07-01;DPN : TRISOMIE 21 FOETALE : DEPISTAGE 2E TRIMESTRE, MARQUEURS SERIQUES MATERNELS;0;1;1;0;1;1;0;7;0;1;2018-04-14
5258;19;0;140;2010-10-22;RECHERCHE BORDETELLA PERTUSSIS ET BORDETELLA PARAPERTUSSIS PAR AMPLIFICATION GEN;0;0;1;0;1;0;1;3;0;0;2011-03-15
5301;19;0;85;2018-06-12;RECHERCHE DIRECTE CHLAMYDIA TRACHOMATIS ET/OU NEISSERIA GONORRHOEAE:AMPLI GENIQU;0;0;1;0;1;0;0;2;0;0;2018-06-29
1307;19;0;40;1996-01-01;INF. UROGENITALES A CHLAMYDIA TRACHOMATIS : SD;0;0;1;0;1;0;0;7;1;1;2011-11-04
5262;19;0;100;2014-08-25;LEPTOSPIRA DETECTION ADN (DANS 10 PREMIERS JOURS);0;0;1;0;1;0;0;3;0;1;2014-09-04
4718;19;0;40;2014-08-25;LEPTOSPIRA - RECHERCHE IGM (A PARTIR DE J7);0;0;1;0;1;0;0;7;0;1;2014-09-04
5259;19;0;180;2014-08-25;VIRUS DU CHIKUNGUNYA - DETECTION ARN (ENTRE J0 ET J7);0;0;1;0;1;0;0;3;0;1;2017-08-09
1254;19;0;90;2014-08-25;VIRUS DU CHIKUNGUNYA - RECHERCHE IGM ET DES IGG (A PARTIR DE J5);0;0;1;0;1;0;0;7;0;1;2014-09-04
3254;19;0;135;2014-08-25;VIRUS DU CHIKUNGUNYA - RECHERCHE IGM ET DES IGG (A PARTIR DE J5)+EXAMEN ITERATIF;0;0;1;0;1;0;0;7;0;1;2014-09-04
5260;19;0;180;2014-08-25;VIRUS DENGUE - DETECTION ARN (JUSQU'A J7);0;0;1;0;1;0;0;3;0;1;2017-08-09
4273;19;0;50;2010-08-27;DENGUE DETECTION ANTIGENE NS1 (DE J1 A J5);0;0;1;0;1;0;0;0;0;1;2017-08-09
1255;19;0;90;2014-08-25;VIRUS DENGUE - IGG ET IGM  (A PARTIR J5);0;0;1;0;1;0;0;7;0;1;2014-09-04
3255;19;0;135;2014-08-25;VIRUS DENGUE - IGG ET IGM  (A PARTIR J5) + EXAMEN ITERATIF;0;0;1;0;1;0;0;7;0;1;2014-09-04
5261;19;0;250;2014-03-05;VIRUS DENGUE ET CHIKUNGUNYA - DETECTION ARN (JUSQU'A J7);0;0;1;0;1;0;0;7;0;1;2017-08-09
5263;19;0;180;2016-04-05;VIRUS ZIKA DETECTION ARN (ENTRE J0 ET J7) (SANG);0;0;1;0;1;0;0;4;0;1;2017-08-09
5264;19;0;180;2016-04-05;VIRUS ZIKA - DETECTION ARN (ENTRE J0 ET J 10)(URINE);0;0;1;0;1;0;0;4;0;0;2017-08-09
5265;19;0;320;2016-04-05;VIRUS DENGUE-CHIKUNGUNYA-ZIKA-ARN(ENTRE J0 ET J7)(SANG);0;0;1;0;1;0;0;7;0;1;2017-08-09
5266;19;0;250;2017-08-29;VIRUS DENGUE-ZIKA-ARN(ENTRE J0 ET J7)(SANG);0;0;1;0;1;0;0;4;0;1;2017-08-09
5267;19;0;250;2017-08-29;VIRUS CHIKUNGUNYA-ZIKA-ARN(ENTRE J0 ET J7)(SANG);0;0;1;0;1;0;0;4;0;1;2017-08-09
5268;19;0;180;2017-08-29;VIRUS ZIKA DETECTION ARN (SPERME);0;0;2;0;1;0;0;4;0;0;2017-08-09
4504;19;0;150;2017-06-26;ENTEROVIRUS - RECHERCHE PAR AMPLIFICATION GENIQUE DANS LE LCS;0;0;1;0;1;0;0;2;0;0;2017-07-13
1744;19;0;60;1996-01-01;HERPES SIMPLEX (VHS) : SD : AC IGG ANTI HSV;0;0;1;0;1;0;0;7;0;1;2019-02-01
4506;19;0;100;2019-01-18;HERPES SIMPLEX (VHS) : DETECTION DU GENOME ET TYPAGE DE L'HERPES SIMPLEX 1 ET 2;0;0;1;0;1;0;0;0;0;0;2019-02-01
1779;19;0;60;1996-01-01;VARICELLE ZONA : SD : RECHERCHE DES IGG;0;0;1;0;1;0;0;7;0;1;2019-02-01
4507;19;0;100;2019-01-18;VARICELLE-ZONA : RECHERCHE DIRECTE DE VZV PAR AMPLIFICATION GENIQUE;0;0;1;0;1;0;0;1;0;0;2019-02-01
1785;19;0;60;1996-01-01;INFECTION A CMV : RECHERCHE DES IGG:;0;0;1;0;1;0;0;7;0;1;2019-02-01
1260;19;0;85;2019-01-18;INFECTION A CMV  : RECHERCHE DES IGG ET DES IGM :;0;0;1;0;1;0;0;1;0;1;2019-02-01
1261;19;0;100;2019-01-18;INFECTION A CMV : TEST DE MESURE D'AVIDITE DES IGG:;0;0;1;0;1;0;0;1;0;1;2019-02-01
4505;19;0;150;2019-01-18;INFECTION A CMV : DETECTION-QUANTIFICATION DU GENOME DU CYTOMEGALOVIRUS PAR AMPL;0;0;2;0;1;0;0;1;0;0;2019-02-01
0350;19;0;50;1996-01-01;HEPATITE A (VHA) : SD : IGM (INFECTION RECENTE) PAR EIA;0;0;1;0;0;0;0;7;1;1;2019-04-01
1736;19;0;49;1996-01-01;HEPATITE A (VHA): SD :IGG OU IG TOTALES(INFECTION ANCIENNE);0;0;1;0;1;0;0;1;1;1;2019-04-01
4500;19;0;150;2019-01-21;HEPATITE B (VHB): DEPISTAGE ET/OU DIAGNOSTIC;0;0;1;3;0;0;0;1;0;1;2019-02-01
4501;19;0;60;2019-01-21;HEPATITE B (VHB): DEPISTAGE ET/OU DIAGNOSTIC IGM ANTI HBC;0;0;1;3;0;0;0;1;0;1;2019-02-01
4711;19;0;150;1997-07-30;HEPATITE B (VHB): SUIVI D'UNE HEPATITE B CHRONIQUE;0;0;1;3;0;0;0;1;1;1;2019-02-01
4712;19;0;100;1997-07-30;HEPATITE B (VHB): CONTROLE DE GUERISON;0;0;1;3;0;0;0;1;1;1;2019-02-01
4714;19;0;50;1997-07-30;HEPATITE B (VHB): STATUT IMMUNITAIRE DANS LE CADRE D'UNE VACCINATION.;0;0;1;3;0;0;1;1;1;1;2019-02-01
4715;19;0;50;1997-07-30;HEPATITE B (VHB): SURVEILLANCE DE LA GROSSESSE;0;0;1;3;1;0;0;1;1;1;2019-02-01
4120;19;0;140;1996-01-01;HEPATITE B (VHB): GENOME (ADN) (VHB): HYBRIDATION MOLECULAIRE;0;0;1;3;1;0;0;1;1;1;2019-04-01
1740;19;0;70;1996-01-01;HEPATITE DELTA (VHD) : SD :AC IGG OU TOTAUX;0;0;1;0;1;0;0;1;1;1;2019-02-01
4119;19;0;200;2004-12-22;VHD : DETECTION QUANTITATIVE ARN VIRAL;0;0;1;0;1;0;0;1;0;1;2019-02-01
3784;19;0;48;1997-07-30;HEPATITE C (VHC) : SD DE DEPISTAGE : AC ANTI-VHC;0;1;1;0;0;0;0;1;1;1;2019-04-01
4124;19;0;200;2001-02-07;HEPATITE C (VHC) : DETECTION QUANTITATIVE GENOME (ARN):;0;1;1;0;1;0;0;1;1;1;2019-02-01
4125;19;0;350;2001-02-07;HEPATITE C (VHC) : GENOTYPAGE DU VHC PAR BIOLOGIE MOLECULAIRE;0;1;1;0;1;0;0;1;1;1;2019-02-01
4502;19;0;60;2019-01-21;HEPATITE E (VHE) : SD INFECTIION RECENTE IGM ANTI VHE.;0;0;1;0;0;0;0;1;0;1;2019-02-01
4503;19;0;200;2019-01-21;HEPATITE E (VHE) : DETECTION QUANTIFICATION DE L'ARN VIRAL;0;0;1;0;1;0;0;1;0;0;2019-02-01
4363;19;0;130;2019-04-19;PNEUMOCYSTIS JIROVECII :RECHERCHE;0;0;1;0;0;0;0;0;0;0;2019-05-09
4344;19;0;60;1996-01-01;LEISHMANIOSE : SD DE DEPISTAGE;0;0;1;0;1;0;0;0;0;1;2019-05-09
4345;19;0;180;1996-01-01;SEROLOGIE LEISHMANIA TEST DE CONFIRMATION;0;0;1;0;1;0;1;0;0;1;2019-05-09
4346;19;0;100;2019-04-19;LEISHMANIOSE: RECHERCHE PAR AMPLIFICATION GENIQUE;0;0;1;0;0;0;0;0;0;0;2019-05-09
1420;19;0;40;1996-01-01;TOXOPLASMOSE : RECHERCHE ET TITRAGE DES IGG ET DES IGM;0;0;1;0;1;0;0;7;1;1;2019-02-01
1421;19;0;60;1996-01-01;TOXOPLASMOSE: CONFIRMATION OU ETUDE DE LA CINETIQUE DES IGG;0;0;1;0;1;0;1;7;1;1;2019-02-01
1427;19;0;180;2019-01-18;TOXOPLASMOSE:CONFIRMATION PAR IMMUNO-EMPREINTE;0;0;1;0;1;0;1;1;0;1;2019-02-01
1428;19;0;20;2019-01-18;TOXOPLASMOSE: CONFIRMATION PAR UNE AUTRE TECHNIQUE;0;0;1;0;1;0;1;1;0;0;2019-02-01
1438;19;0;120;2019-01-18;TOXOPLASMOSE : MESURE D'AVIDITE DES IGG CHEZ LA FEMME ENCEINTE;0;0;1;0;1;0;1;1;0;1;2019-02-01
1439;19;0;320;2019-01-18;TOXOPLASMOSE : RECHERCHE D'UNE NEOSYNTHESE D'IGG, D'IGM OU D'IGA;0;0;0;0;1;0;0;1;0;1;2019-02-02
4508;19;0;150;2019-01-18;TOXOPLASMOSE : DETECTION D'ADN TOXOPLASMIQUE (AMPLIFICATION GENIQUE;0;0;2;0;1;0;0;1;0;0;2019-02-01
0264;19;0;25;1996-01-01;LARVES D'ANGUILLULES (BAERMANN) : RECHERCHE DANS SELLES;0;0;1;0;0;0;1;0;0;0;2019-05-09
1440;19;0;60;2019-04-19;ANGUILLULOSE (STRONGYLOIDOSE): SD;0;0;1;0;0;0;0;4;0;1;2019-05-09
0290;19;0;60;1996-01-01;CRYPTOSPORIDIUM : RECH. SUR SELLES FRAICHEMENT EMISES;0;0;1;0;0;0;0;0;0;0;2019-05-09
4321;19;0;90;1996-01-01;CYSTICERCOSE:SD;0;0;1;0;0;0;0;1;0;1;2019-05-09
4323;19;0;180;1996-01-01;CYSTICERCOSE : SD DE CONFIRMATION PAR IE;0;0;1;0;1;0;0;1;0;1;2019-05-09
4324;19;0;80;1996-01-01;DISTOMATOSE:SD DE DEPISTAGE;0;0;1;0;0;0;0;1;0;1;2019-05-09
4327;19;0;180;1996-01-01;DISTOMATOSE : SD DE CONFIRMATION PAR IE;0;0;1;0;0;0;1;1;0;1;2019-05-09
4328;19;0;90;1996-01-01;ECHINOCOCCOSES (KYSTE HYDATIQUE, ...):SD PAR 2 TECHN;0;0;1;0;0;0;0;1;0;1;2019-05-09
4331;19;0;180;1996-01-01;ECHINOCOCCOSES  (KYSTE HYDATIQUE, ...) : SD DE CONFIRMATION PAR IE;0;0;1;0;1;0;1;1;0;1;2019-05-09
6328;19;0;68;1996-01-01;ECHINOCOCCOSES  (KYSTE HYDATIQUE, ...): SUIVI DU SD DE DEPIST. PAR 1 TECHN. + I;0;0;1;0;0;0;0;1;0;1;2019-05-09
1441;19;0;30;2019-04-19;FILARIOSES : RECHERCHE DE MICROFILAIRES A L'ETAT FRAIS;0;0;1;0;0;0;0;1;0;0;2019-05-09
1442;19;0;80;2019-04-19;FILARIOSES RECHERCHE ET QUANTIFICATION DE MICROFILAIRES;0;0;1;0;0;0;0;1;0;0;2019-05-09
4332;19;0;80;1996-01-01;FILARIOSE:SD PAR 1 TECHNIQUE PARMI LES SUIVANTES: IFI - EIA - COES - IEP;0;0;1;0;0;0;0;1;0;1;2019-05-09
4334;19;0;120;1996-01-01;FILARIOSE : SD DE CONFIRMATION PAR IEP OU COES;0;0;1;0;0;0;1;4;0;1;2019-05-09
1443;19;0;80;2019-04-19;FILARIOSES:DIAGNOSTIC FILARIOSE LYMPHATIQUE PAR DETECTION D'ANTIGENES CIRCULANT;0;0;1;0;0;0;0;1;0;1;2019-05-09
0266;19;0;25;1996-01-01;SCHISTOSOMOSE: RECHERCHE OEUFS DE BILHARZIES;0;0;1;0;0;0;0;1;0;0;2019-05-09
4355;19;0;50;1996-01-01;SCHISTOSOMIASE : SD DE DEPISTAGE;0;0;1;0;0;0;0;1;0;1;2019-05-09
4357;19;0;180;1996-01-01;SCHISTOSOMIASE : SD DE CONFIRMATION PAR IE;0;0;1;0;0;0;1;4;0;1;2019-05-09
4340;19;0;80;1996-01-01;LARVA MIGRANS : TOXOCAROSE : SD DE DEPISTAGE;0;0;1;0;0;0;0;1;0;1;2019-05-09
4343;19;0;180;1996-01-01;LARVA MIGRANS : TOXOCAROSE : SD DE CONFIRMATION PAR IE;0;0;1;0;1;0;1;4;0;1;2019-05-09
6340;19;0;68;1996-01-01;LARVA MIGRANS : TOXOCAROSE : SUIVI DU SD DE DEPIST. PAR 1 TECHN. + ITERATIF;0;0;1;0;1;0;0;7;0;1;2019-05-09
4359;19;0;120;1996-01-01;TRICHINELLOSE: SD DE CONFIRMATION PAR IE;0;0;1;0;0;0;1;7;0;1;2019-05-09
4358;19;0;40;1996-01-01;TRICHINOSE : SD DE DEPISTAGE;0;0;1;0;0;0;0;1;0;1;2019-05-09
